Selection;Groupe;Poste;Nom;Club (Pays);Valeur Marchande
Mexique;A;Gardien;Luis Malagón;CF América;€7.00m
Mexique;A;Gardien;Raúl Rangel;Deportivo Guadalajara;€4.00m
Mexique;A;Gardien;Carlos Acevedo;Santos Laguna;€3.80m
Mexique;A;Gardien;Carlos Moreno;CF Pachuca;€2.50m
Mexique;A;Gardien;Guillermo Ochoa;AEL Limassol;€800k
Mexique;A;Défenseur central;Johan Vásquez;Genoa CFC;€10.00m
Mexique;A;Défenseur central;Jesús Orozco Chiquete;CD Cruz Azul;€8.50m
Mexique;A;Défenseur central;Jesús Angulo;Tigres UANL;€6.00m
Mexique;A;Défenseur central;Luis Romo;Deportivo Guadalajara;€5.50m
Mexique;A;Défenseur central;César Montes;Lokomotiv Moscow;€5.00m
Mexique;A;Défenseur central;Ramón Juárez;CF América;€4.50m
Mexique;A;Défenseur central;Gilberto Sepúlveda;Deportivo Guadalajara;€4.00m
Mexique;A;Défenseur central;Juan José Purata;Tigres UANL;€1.50m
Mexique;A;Arrière gauche;Jesús Gallardo;Deportivo Toluca;€3.80m
Mexique;A;Arrière gauche;Mateo Chávez;AZ Alkmaar;€2.00m
Mexique;A;Arrière droit;Julián Araujo;Celtic FC;€10.00m
Mexique;A;Arrière droit;Kevin Álvarez;CF América;€5.50m
Mexique;A;Arrière droit;Rodrigo Huescas;FC Copenhagen;€5.00m
Mexique;A;Arrière droit;Israel Reyes;CF América;€4.00m
Mexique;A;Arrière droit;Jorge Sánchez;PAOK Thessaloniki;€2.80m
Mexique;A;Arrière droit;Emilio Lara;Club Necaxa;€1.20m
Mexique;A;Milieu défensif;Edson Álvarez;Fenerbahce;€30.00m
Mexique;A;Milieu défensif;Luis Chávez;Dynamo Moscow;€9.00m
Mexique;A;Milieu défensif;Érik Lira;CD Cruz Azul;€7.50m
Mexique;A;Milieu défensif;Fidel Ambríz;CF Monterrey;€6.50m
Mexique;A;Milieu défensif;Carlos Rodríguez;CD Cruz Azul;€6.00m
Mexique;A;Milieu central;Érick Sánchez;CF América;€7.50m
Mexique;A;Milieu central;Orbelín Pineda;AEK Athens;€7.00m
Mexique;A;Milieu central;Marcel Ruiz;Deportivo Toluca;€6.50m
Mexique;A;Milieu central;Obed Vargas;Atlético de Madrid;€3.50m
Mexique;A;Milieu central;Jeremy Márquez;CD Cruz Azul;€3.00m
Mexique;A;Milieu offensif;Efraín Álvarez;Deportivo Guadalajara;€4.50m
Mexique;A;Milieu offensif;Alexis Gutiérrez;CF América;€3.00m
Mexique;A;Milieu offensif;Gilberto Mora;Club Tijuana;€2.00m
Mexique;A;Ailier gauche;Hirving Lozano;San Diego FC;€12.00m
Mexique;A;Ailier gauche;César Huerta;RSC Anderlecht;€6.00m
Mexique;A;Ailier gauche;Alexis Vega;Deportivo Toluca;€5.50m
Mexique;A;Ailier gauche;Jorge Ruvalcaba;Red Bull New York;€1.20m
Mexique;A;Ailier droit;Roberto Alvarado;Deportivo Guadalajara;€7.50m
Mexique;A;Ailier droit;Diego Lainez;Tigres UANL;€3.00m
Mexique;A;Avant-centre;Santiago Gimenez;AC Milan;€37.00m
Mexique;A;Avant-centre;Julián Quiñones;Al-Qadsiah FC;€9.00m
Mexique;A;Avant-centre;Germán Berterame;Inter Miami CF;€7.00m
Mexique;A;Avant-centre;Raúl Jiménez;Fulham FC;€5.00m
Mexique;A;Avant-centre;Armando González;Deportivo Guadalajara;€1.50m
Mexique;A;Avant-centre;Ángel Sepúlveda;Deportivo Guadalajara;€750k
Afrique du Sud;A;Gardien;Ronwen Williams;Mamelodi Sundowns FC;€1.00m
Afrique du Sud;A;Gardien;Sipho Chaine;Orlando Pirates;€700k
Afrique du Sud;A;Gardien;Ricardo Goss;Siwelele Football Club;€700k
Afrique du Sud;A;Gardien;Renaldo Leaner;Sekhukhune United FC;€300k
Afrique du Sud;A;Gardien;Andile Mbanjwa;Kruger United FC;€25k
Afrique du Sud;A;Gardien;Samukelo Xulu;Siwelele Football Club;€25k
Afrique du Sud;A;Gardien;Kopano Thuntsane;Leicesterford City FC;-
Afrique du Sud;A;Défenseur central;Siyabonga Ngezana;FCSB;€2.20m
Afrique du Sud;A;Défenseur central;Nkosinathi Sibisi;Orlando Pirates;€1.40m
Afrique du Sud;A;Défenseur central;Thabo Moloisane;Stellenbosch FC;€650k
Afrique du Sud;A;Défenseur central;Grant Kekana;Mamelodi Sundowns FC;€600k
Afrique du Sud;A;Défenseur central;Kwanda Mngonyama;Al-Ettihad Club;€250k
Afrique du Sud;A;Défenseur central;Ramahlwe Mphahlele;Orbit College FC;€150k
Afrique du Sud;A;Défenseur central;Thabang Molaoa;Chippa United;€100k
Afrique du Sud;A;Défenseur central;Harold Majadibodu;Chippa United;-
Afrique du Sud;A;Défenseur central;Tylon Smith;Queens Park Rangers U21;-
Afrique du Sud;A;Défenseur central;Malibongwe Khoza;Mamelodi Sundowns FC;-
Afrique du Sud;A;Défenseur central;Khulumani Ndamane;Mamelodi Sundowns FC;-
Afrique du Sud;A;Défenseur central;Mbekezeli Mbokazi;Chicago Fire FC;-
Afrique du Sud;A;Arrière gauche;Aubrey Modiba;Mamelodi Sundowns FC;€1.60m
Afrique du Sud;A;Arrière gauche;Fawaaz Basadien;Mamelodi Sundowns FC;€1.20m
Afrique du Sud;A;Arrière gauche;Terrence Mashego;Durban City Football Club;€550k
Afrique du Sud;A;Arrière gauche;Samukele Kabini;Molde FK;€200k
Afrique du Sud;A;Arrière gauche;Vuyo Letlapa;Sekhukhune United FC;-
Afrique du Sud;A;Arrière droit;Khuliso Mudau;Mamelodi Sundowns FC;€1.40m
Afrique du Sud;A;Arrière droit;Thapelo Morena;Mamelodi Sundowns FC;€1.20m
Afrique du Sud;A;Arrière droit;Nyiko Mobbie;Siwelele Football Club;€1.20m
Afrique du Sud;A;Arrière droit;Deano Van Rooyen;Orlando Pirates;€1.20m
Afrique du Sud;A;Arrière droit;Kegan Johannes;Mamelodi Sundowns FC;€850k
Afrique du Sud;A;Arrière droit;Thabiso Monyane;Kaizer Chiefs;€750k
Afrique du Sud;A;Arrière droit;Zuko Mdunyelwa;Mamelodi Sundowns FC;€700k
Afrique du Sud;A;Arrière droit;Kamogelo Sebelebele;Orlando Pirates;€550k
Afrique du Sud;A;Arrière droit;Thabang Matuludi;Polokwane City FC;€400k
Afrique du Sud;A;Arrière droit;Wayde Jooste;Stellenbosch FC;€100k
Afrique du Sud;A;Milieu défensif;Teboho Mokoena;Mamelodi Sundowns FC;€2.40m
Afrique du Sud;A;Milieu défensif;Bathusi Aubaas;Mamelodi Sundowns FC;€500k
Afrique du Sud;A;Milieu central;Jayden Adams;Mamelodi Sundowns FC;€1.00m
Afrique du Sud;A;Milieu central;Sipho Mbule;Orlando Pirates;€800k
Afrique du Sud;A;Milieu central;Luke Le Roux;Portsmouth FC;€700k
Afrique du Sud;A;Milieu central;Thalente Mbatha;Orlando Pirates;€350k
Afrique du Sud;A;Milieu central;Yaya Sithole;CD Tondela;€275k
Afrique du Sud;A;Milieu central;Ndamulelo Maphangule;Polokwane City FC;€250k
Afrique du Sud;A;Milieu central;Ntando Nkosi;University of Pretoria FC;€50k
Afrique du Sud;A;Milieu central;Masindi Nemtajela;Orlando Pirates;-
Afrique du Sud;A;Milieu central;Simphiwe Selepe;Orlando Pirates;-
Afrique du Sud;A;Milieu central;Momelezi Dlambewu;Gomora United Football Club;-
Afrique du Sud;A;Milieu offensif;Neo Maema;Simba SC;€1.50m
Afrique du Sud;A;Milieu offensif;Patrick Maswanganyi;Orlando Pirates;€1.40m
Afrique du Sud;A;Milieu offensif;Ndabayithethwa Ndlondlo;Marumo Gallants FC;€850k
Afrique du Sud;A;Milieu offensif;Fortune Makaringe;Leicesterford City FC;€750k
Afrique du Sud;A;Milieu offensif;Mduduzi Shabalala;Kaizer Chiefs;€550k
Afrique du Sud;A;Ailier gauche;Shandre Campbell;Club Brugge KV;€800k
Afrique du Sud;A;Ailier gauche;Relebohile Mofokeng;Orlando Pirates;€800k
Afrique du Sud;A;Ailier gauche;Keagan Dolly;Cape Town City FC;€600k
Afrique du Sud;A;Ailier gauche;Oswin Appollis;Orlando Pirates;€600k
Afrique du Sud;A;Ailier gauche;Tshepang Moremi;Orlando Pirates;€350k
Afrique du Sud;A;Ailier gauche;Tebogo Tlolane;Leicesterford City FC;€300k
Afrique du Sud;A;Ailier gauche;Keletso Makgalwa;Sekhukhune United FC;-
Afrique du Sud;A;Ailier droit;Percy Tau;Thep Xanh Nam Dinh FC;€1.50m
Afrique du Sud;A;Ailier droit;Elias Mokwana;Al-Hazem SC;€900k
Afrique du Sud;A;Ailier droit;Thamsanqa Masiya;Without Club;€550k
Afrique du Sud;A;Ailier droit;Menzi Masuku;Al-Shabab Club (Bahrain);€350k
Afrique du Sud;A;Ailier droit;Mohau Nkota;Al-Ettifaq FC;-
Afrique du Sud;A;Ailier droit;Siyabonga Mashinini;Polokwane City FC;-
Afrique du Sud;A;Avant-centre;Lyle Foster;Burnley FC;€9.00m
Afrique du Sud;A;Avant-centre;Iqraam Rayners;Mamelodi Sundowns FC;€1.80m
Afrique du Sud;A;Avant-centre;Zakhele Lepasa;Siwelele Football Club;€650k
Afrique du Sud;A;Avant-centre;Evidence Makgopa;Orlando Pirates;€650k
Afrique du Sud;A;Avant-centre;Ashley Cupido;Stellenbosch FC;€500k
Afrique du Sud;A;Avant-centre;Yanela Mbuthuma;Orlando Pirates;€500k
Afrique du Sud;A;Avant-centre;Thabiso Kutumela;AmaZulu FC;€400k
Afrique du Sud;A;Avant-centre;Sinoxolo Kwayiba;Chippa United;€150k
République de Corée;A;Gardien;Bum-keun Song;Jeonbuk Hyundai Motors;€850k
République de Corée;A;Gardien;Hyeon-woo Jo;Ulsan HD FC;€850k
République de Corée;A;Gardien;Seung-gyu Kim;FC Tokyo;€700k
République de Corée;A;Gardien;Chang-geun Lee;Daejeon Hana Citizen;€600k
République de Corée;A;Gardien;Dong-heon Kim;Incheon United;€500k
République de Corée;A;Défenseur central;Min-jae Kim;Bayern Munich;€45.00m
République de Corée;A;Défenseur central;Yu-min Cho;Sharjah FC;€2.00m
République de Corée;A;Défenseur central;Seung-wook Park;Shimizu S-Pulse;€1.00m
République de Corée;A;Défenseur central;Han-beom Lee;FC Midtjylland;€1.00m
République de Corée;A;Défenseur central;Ju-sung Kim;Sanfrecce Hiroshima;€850k
République de Corée;A;Défenseur central;Ji-soo Kim;1.FC Kaiserslautern;€600k
République de Corée;A;Défenseur central;Tae-hyeon Kim;Kashima Antlers;€600k
République de Corée;A;Défenseur central;Kyung-won Kwon;FC Anyang;€500k
République de Corée;A;Défenseur central;Jun-soo Byeon;Gimcheon Sangmu;€350k
République de Corée;A;Défenseur central;Myeong-kwan Seo;Ulsan HD FC;€325k
République de Corée;A;Arrière gauche;Tae-seok Lee;Austria Vienna;€650k
République de Corée;A;Arrière gauche;Myung-jae Lee;Daejeon Hana Citizen;€600k
République de Corée;A;Arrière gauche;Tae-hyeon Kim;Jeonbuk Hyundai Motors;€550k
République de Corée;A;Arrière gauche;Hyun-taek Cho;Ulsan HD FC;€400k
République de Corée;A;Arrière droit;Young-woo Seol;Red Star Belgrade;€2.00m
République de Corée;A;Arrière droit;Moon-hwan Kim;Daejeon Hana Citizen;€850k
République de Corée;A;Arrière droit;Jun Choi;FC Seoul;€700k
République de Corée;A;Arrière droit;Jae-won Hwang;Daegu FC;€650k
République de Corée;A;Milieu défensif;In-beom Hwang;Feyenoord Rotterdam;€12.00m
République de Corée;A;Milieu défensif;Yong-woo Park;Al-Ain FC;€1.30m
République de Corée;A;Milieu défensif;Du-jae Won;Khor Fakkan SSC;€900k
République de Corée;A;Milieu défensif;Hyeok-kyu Kwon;Karlsruher SC;€750k
République de Corée;A;Milieu défensif;Jin-seob Park;Zhejiang FC;€650k
République de Corée;A;Milieu défensif;Min-woo Seo;Gangwon FC;€600k
République de Corée;A;Milieu central;Jens Castrop;Borussia Mönchengladbach;€3.00m
République de Corée;A;Milieu central;Seung-ho Paik;Birmingham City;€1.20m
République de Corée;A;Milieu central;Bong-soo Kim;Daejeon Hana Citizen;€900k
République de Corée;A;Milieu central;Jin-gyu Kim;Jeonbuk Hyundai Motors;€800k
République de Corée;A;Milieu central;Sang-yun Kang;Jeonbuk Hyundai Motors;€300k
République de Corée;A;Milieu offensif;Kang-in Lee;Paris Saint-Germain;€30.00m
République de Corée;A;Milieu offensif;Jae-sung Lee;1.FSV Mainz 05;€2.50m
République de Corée;A;Milieu offensif;Jun-ho Bae;Stoke City;€1.50m
République de Corée;A;Milieu offensif;Dong-gyeong Lee;Ulsan HD FC;€1.20m
République de Corée;A;Milieu offensif;Seung-won Lee;Gangwon FC;€200k
République de Corée;A;Ailier gauche;Heung-min Son;Los Angeles FC;€38.00m
République de Corée;A;Ailier gauche;Ji-sung Eom;Swansea City;€1.20m
République de Corée;A;Ailier gauche;Sang-ho Na;Machida Zelvia;€900k
République de Corée;A;Ailier gauche;Seon-min Moon;FC Seoul;€550k
République de Corée;A;Ailier droit;Min-hyeok Yang;Coventry City;€3.50m
République de Corée;A;Ailier droit;Hyun-jun Yang;Celtic FC;€2.00m
République de Corée;A;Ailier droit;Seung-won Jeong;FC Seoul;€650k
République de Corée;A;Ailier droit;Jae-hyeon Mo;Gangwon FC;€450k
République de Corée;A;Ailier droit;Jin-woo Jeon;Oxford United;€375k
République de Corée;A;Avant-centre;Hee-chan Hwang;Wolverhampton Wanderers;€22.00m
République de Corée;A;Avant-centre;Gue-sung Cho;FC Midtjylland;€4.50m
République de Corée;A;Avant-centre;Sang-bin Jeong;St. Louis CITY SC;€3.00m
République de Corée;A;Avant-centre;Hyeon-gyu Oh;Besiktas JK;€3.00m
République de Corée;A;Avant-centre;Min-kyu Joo;Daejeon Hana Citizen;€800k
République de Corée;A;Avant-centre;Se-hun Oh;Shimizu S-Pulse;€800k
République de Corée;A;Avant-centre;Ho-jae Lee;Pohang Steelers;€450k
Tchéquie;A;Gardien;Matej Kovar;PSV Eindhoven;€7.00m
Tchéquie;A;Gardien;Vitezslav Jaros;Ajax Amsterdam;€5.00m
Tchéquie;A;Gardien;Martin Jedlicka;FC Banik Ostrava;€2.80m
Tchéquie;A;Gardien;Jindrich Stanek;SK Slavia Prague;€2.20m
Tchéquie;A;Gardien;Lukas Hornicek;SC Braga;€2.00m
Tchéquie;A;Gardien;Jakub Markovic;SK Slavia Prague;€1.50m
Tchéquie;A;Défenseur central;Martin Vitík;Bologna FC 1909;€15.00m
Tchéquie;A;Défenseur central;Ladislav Krejčí;Wolverhampton Wanderers;€12.00m
Tchéquie;A;Défenseur central;Robin Hranac;TSG 1899 Hoffenheim;€5.50m
Tchéquie;A;Défenseur central;David Zima;SK Slavia Prague;€4.50m
Tchéquie;A;Défenseur central;Tomas Holes;SK Slavia Prague;€2.20m
Tchéquie;A;Défenseur central;Vaclav Jemelka;FC Viktoria Plzen;€2.00m
Tchéquie;A;Défenseur central;Stepan Chaloupek;SK Slavia Prague;€2.00m
Tchéquie;A;Défenseur central;Jaroslav Zelený;AC Sparta Prague;€1.00m
Tchéquie;A;Défenseur central;Jan Boril;SK Slavia Prague;€300k
Tchéquie;A;Arrière gauche;David Jurásek;SK Slavia Prague;€7.00m
Tchéquie;A;Arrière droit;Vladimír Coufal;TSG 1899 Hoffenheim;€7.00m
Tchéquie;A;Arrière droit;Martin Cedidla;FK Jablonec;€375k
Tchéquie;A;Milieu défensif;Tomáš Souček;West Ham United;€24.00m
Tchéquie;A;Milieu défensif;Patrik Hellebrand;Górnik Zabrze;€1.00m
Tchéquie;A;Milieu central;Michal Sadílek;SK Slavia Prague;€7.00m
Tchéquie;A;Milieu central;Alex Král;1.FC Union Berlin;€6.00m
Tchéquie;A;Milieu central;Lukas Cerv;FC Viktoria Plzen;€4.00m
Tchéquie;A;Milieu central;Jiri Boula;FC Banik Ostrava;€1.00m
Tchéquie;A;Milieu central;Michal Beran;SK Sigma Olomouc;€600k
Tchéquie;A;Milieu droit;David Doudera;SK Slavia Prague;€3.00m
Tchéquie;A;Milieu gauche;Matej Rynes;AC Sparta Prague;€4.00m
Tchéquie;A;Milieu offensif;Pavel Sulc;Olympique Lyon;€10.00m
Tchéquie;A;Milieu offensif;Adam Karabec;Olympique Lyon;€3.00m
Tchéquie;A;Milieu offensif;Matej Sin;AZ Alkmaar;€3.00m
Tchéquie;A;Milieu offensif;Ondrej Lingr;Houston Dynamo FC;€2.70m
Tchéquie;A;Milieu offensif;Tomas Ladra;FC Viktoria Plzen;€1.00m
Tchéquie;A;Milieu offensif;Krystof Danek;LASK;€1.00m
Tchéquie;A;Milieu offensif;Filip Zorvan;FK Jablonec;€500k
Tchéquie;A;Ailier gauche;Lukas Provod;SK Slavia Prague;€7.00m
Tchéquie;A;Ailier gauche;Vasil Kusej;SK Slavia Prague;€2.50m
Tchéquie;A;Ailier droit;Vaclav Cerny;Besiktas JK;€8.00m
Tchéquie;A;Avant-centre;Patrik Schick;Bayer 04 Leverkusen;€22.00m
Tchéquie;A;Avant-centre;Adam Hlozek;TSG 1899 Hoffenheim;€18.00m
Tchéquie;A;Avant-centre;Mojmír Chytil;SK Slavia Prague;€6.00m
Tchéquie;A;Avant-centre;Jan Kuchta;AC Sparta Prague;€4.00m
Tchéquie;A;Avant-centre;Tomas Chory;SK Slavia Prague;€3.50m
Tchéquie;A;Avant-centre;Matej Vydra;FC Viktoria Plzen;€800k
Tchéquie;A;Avant-centre;Jan Kliment;SK Sigma Olomouc;€800k
Tchéquie;A;Avant-centre;Vaclav Sejk;SK Sigma Olomouc;€600k
Tchéquie;A;Avant-centre;Jan Chramosta;FK Jablonec;€200k
Canada;B;Gardien;Maxime Crépeau;Orlando City SC;€3.50m
Canada;B;Gardien;Dayne St. Clair;Inter Miami CF;€2.00m
Canada;B;Gardien;Tom McGill;Brighton & Hove Albion;€600k
Canada;B;Gardien;Owen Goodman;Barnsley FC;€500k
Canada;B;Gardien;Luka Gavran;Toronto FC;€100k
Canada;B;Gardien;Jayden Hibbert;Atlanta United FC;-
Canada;B;Défenseur central;Moïse Bombito;OGC Nice;€7.00m
Canada;B;Défenseur central;Alfie Jones;Middlesbrough FC;€4.00m
Canada;B;Défenseur central;Derek Cornelius;Olympique Marseille;€4.00m
Canada;B;Défenseur central;Kamal Miller;Portland Timbers;€2.80m
Canada;B;Défenseur central;Joel Waterman;Chicago Fire FC;€2.50m
Canada;B;Défenseur central;Luc De Fougerolles;FCV Dender EH;€250k
Canada;B;Défenseur central;Jamie Knight-Lebel;Bristol City;€150k
Canada;B;Arrière gauche;Alphonso Davies;Bayern Munich;€50.00m
Canada;B;Arrière gauche;Sam Adekugbe;Vancouver Whitecaps FC;€1.00m
Canada;B;Arrière droit;Alistair Johnston;Celtic FC;€9.00m
Canada;B;Arrière droit;Jahkeele Marshall-Rutty;Red Bull New York;€1.50m
Canada;B;Arrière droit;Richie Laryea;Toronto FC;€1.20m
Canada;B;Milieu défensif;Niko Sigur;HNK Hajduk Split;€4.00m
Canada;B;Milieu central;Ismaël Koné;US Sassuolo;€12.00m
Canada;B;Milieu central;Stephen Eustaquio;Los Angeles FC;€11.00m
Canada;B;Milieu central;Mathieu Choinière;Los Angeles FC;€2.00m
Canada;B;Milieu central;Jonathan Osorio;Toronto FC;€2.00m
Canada;B;Milieu central;Nathan-Dylan Saliba;RSC Anderlecht;€2.00m
Canada;B;Milieu central;Zorhan Bassong;Sporting Kansas City;€450k
Canada;B;Milieu gauche;Ali Ahmed;Norwich City;€3.00m
Canada;B;Ailier gauche;Jacob Shaffelburg;Los Angeles FC;€5.00m
Canada;B;Ailier gauche;Liam Millar;Hull City;€3.50m
Canada;B;Ailier gauche;Jayden Nelson;Austin FC;€1.50m
Canada;B;Ailier gauche;Junior Hoilett;Swindon Town;€100k
Canada;B;Ailier droit;Tajon Buchanan;Villarreal CF;€8.00m
Canada;B;Avant-centre;Jonathan David;Juventus FC;€45.00m
Canada;B;Avant-centre;Cyle Larin;Southampton FC;€3.50m
Canada;B;Avant-centre;Tani Oluwaseyi;Villarreal CF;€3.00m
Canada;B;Avant-centre;Theo Bair;FC Lausanne-Sport;€1.80m
Canada;B;Avant-centre;Promise David;Union Saint-Gilloise;€1.50m
Canada;B;Avant-centre;Daniel Jebbison;Preston North End;€1.20m
Bosnie-Herzégovine;B;Gardien;Nikola Vasilj;FC St. Pauli;€3.00m
Bosnie-Herzégovine;B;Gardien;Martin Zlomislic;HNK Rijeka;€1.00m
Bosnie-Herzégovine;B;Gardien;Osman Hadzikic;Slaven Belupo Koprivnica;€500k
Bosnie-Herzégovine;B;Gardien;Vedad Muftic;FK Zeljeznicar Sarajevo;€500k
Bosnie-Herzégovine;B;Défenseur central;Sead Kolasinac;Atalanta BC;€10.00m
Bosnie-Herzégovine;B;Défenseur central;Adrian Barisic;SC Braga;€4.00m
Bosnie-Herzégovine;B;Défenseur central;Tarik Muharemović;US Sassuolo;€3.50m
Bosnie-Herzégovine;B;Défenseur central;Stjepan Radeljic;HNK Rijeka;€2.00m
Bosnie-Herzégovine;B;Défenseur central;Dennis Hadzikadunic;UC Sampdoria;€1.70m
Bosnie-Herzégovine;B;Défenseur central;Nikola Katic;FC Schalke 04;€1.50m
Bosnie-Herzégovine;B;Défenseur central;Nihad Mujakic;Gaziantep FK;€1.00m
Bosnie-Herzégovine;B;Défenseur central;Ermin Bicakcic;FK Zeljeznicar Sarajevo;€400k
Bosnie-Herzégovine;B;Défenseur central;Eman Košpo;ACF Fiorentina;-
Bosnie-Herzégovine;B;Arrière gauche;Emir Karic;SK Sturm Graz;€700k
Bosnie-Herzégovine;B;Arrière droit;Amar Dedić;SL Benfica;€15.00m
Bosnie-Herzégovine;B;Arrière droit;Jusuf Gazibegovic;SK Sturm Graz;€5.00m
Bosnie-Herzégovine;B;Arrière droit;Arjan Malic;SK Sturm Graz;€600k
Bosnie-Herzégovine;B;Milieu défensif;Amir Hadziahmetovic;Hull City;€5.50m
Bosnie-Herzégovine;B;Milieu défensif;Ivan Šunjić;Pafos FC;€1.30m
Bosnie-Herzégovine;B;Milieu défensif;Dzenis Burnic;Karlsruher SC;€1.20m
Bosnie-Herzégovine;B;Milieu central;Denis Huseinbasic;1.FC Köln;€3.50m
Bosnie-Herzégovine;B;Milieu central;Benjamin Tahirović;Bröndby IF;€3.50m
Bosnie-Herzégovine;B;Milieu central;Armin Gigovic;BSC Young Boys;€3.00m
Bosnie-Herzégovine;B;Milieu central;Ivan Basic;FC Astana;€1.20m
Bosnie-Herzégovine;B;Milieu central;Dario Saric;Antalyaspor;€750k
Bosnie-Herzégovine;B;Milieu central;Dino Besirovic;AIK;€500k
Bosnie-Herzégovine;B;Milieu droit;Amar Memić;FC Viktoria Plzen;€600k
Bosnie-Herzégovine;B;Milieu offensif;Haris Hajradinovic;Kasimpasa;€2.00m
Bosnie-Herzégovine;B;Ailier gauche;Nail Omerovic;NK Osijek;€1.50m
Bosnie-Herzégovine;B;Ailier gauche;Luka Menalo;FK Sarajevo;€300k
Bosnie-Herzégovine;B;Ailier gauche;Kerim Alajbegovic;Red Bull Salzburg;-
Bosnie-Herzégovine;B;Ailier droit;Esmir Bajraktarevic;PSV Eindhoven;€3.50m
Bosnie-Herzégovine;B;Ailier droit;Enver Kulasin;Sariyerspor;€700k
Bosnie-Herzégovine;B;Avant-centre;Ermedin Demirovic;VfB Stuttgart;€28.00m
Bosnie-Herzégovine;B;Avant-centre;Samed Bazdar;Jagiellonia Bialystok;€4.00m
Bosnie-Herzégovine;B;Avant-centre;Haris Tabakovic;Borussia Mönchengladbach;€3.00m
Bosnie-Herzégovine;B;Avant-centre;Edin Dzeko;FC Schalke 04;€2.20m
Bosnie-Herzégovine;B;Avant-centre;Luka Kulenovic;Heracles Almelo;€1.00m
Qatar;B;Gardien;Jasem Al-Hail;: Ablöse ?;€225k
Qatar;B;Gardien;Yousef Hassan;Al-Gharafa SC;€150k
Qatar;B;Gardien;Mohamed Saeed;Al-Wakrah SC;€75k
Qatar;B;Défenseur central;Alexis Pérez;Without Club;€1.50m
Qatar;B;Défenseur central;Simo Keddari;RCD Espanyol Barcelona;€700k
Qatar;B;Défenseur central;Al-Hashmi Al-Hussain;Al-Arabi SC Olympic;€250k
Qatar;B;Défenseur central;Issa Laye;Lusail SC;€200k
Qatar;B;Arrière gauche;Marwan Sherif;Al-Arabi SC Olympic;€275k
Qatar;B;Arrière gauche;Mohammed Al-Naimi;Al-Duhail SC;€200k
Qatar;B;Arrière droit;Abdullah Maarafiya;Unknown;€150k
Qatar;B;Arrière droit;Abdulla Al-Salati;Al-Arabi SC U23;€125k
Qatar;B;Arrière droit;Mousa Farawi;Bank El Ahly;€100k
Qatar;B;Arrière droit;Yousuf Muftah;Al-Gharafa SC;€50k
Qatar;B;Milieu défensif;Gerard Hernández;Villarreal CF B;€600k
Qatar;B;Milieu défensif;Ahmed Fathi;Al-Arabi SC Reserves;€250k
Qatar;B;Milieu central;Jordan Veretout;Olympique Lyon;€3.00m
Qatar;B;Milieu central;Salem Reda;AD Alcorcón U19;€125k
Qatar;B;Milieu central;Ahmad Moein Doozandeh;Al-Duhail SC;€100k
Qatar;B;Milieu central;João Pedro Darros;Al-Arabi SC Academy;€50k
Qatar;B;Milieu offensif;Pablo Sarabia;Wolverhampton Wanderers;€3.50m
Qatar;B;Ailier gauche;Mohamed Khaled Gouda;CD Calahorra;€250k
Qatar;B;Ailier gauche;Shadi Ramzi Bouri;Al-Arabi SC Olympic;€25k
Qatar;B;Ailier droit;Rodri Sánchez;Real Betis Balompié;€2.80m
Qatar;B;Ailier droit;Isaac Lihadji;Al-Duhail SC;€500k
Qatar;B;Avant-centre;Michael Olunga;Al-Duhail SC;€5.00m
Qatar;B;Avant-centre;Yazan Al-Naimat;Al-Ahli SC;€1.30m
Qatar;B;Avant-centre;Karl Toko Ekambi;Al-Fateh SC;€1.20m
Suisse;B;Gardien;Gregor Kobel;Borussia Dortmund;€40.00m
Suisse;B;Gardien;Pascal Loretz;FC Luzern;€4.00m
Suisse;B;Gardien;Marvin Keller;BSC Young Boys;€3.50m
Suisse;B;Gardien;Yvon Mvogo;FC Lorient;€3.00m
Suisse;B;Défenseur central;Manuel Akanji;Inter Milan;€40.00m
Suisse;B;Défenseur central;Aurèle Amenda;Eintracht Frankfurt;€9.50m
Suisse;B;Défenseur central;Nico Elvedi;Borussia Mönchengladbach;€8.00m
Suisse;B;Défenseur central;Albian Hajdari;TSG 1899 Hoffenheim;€7.00m
Suisse;B;Défenseur central;Becir Omeragic;FC Basel 1893;€5.00m
Suisse;B;Défenseur central;Luca Jaquez;VfB Stuttgart;€4.50m
Suisse;B;Défenseur central;Cédric Zesiger;FC Augsburg;€4.00m
Suisse;B;Défenseur central;Eray Cömert;Valencia CF;€3.00m
Suisse;B;Défenseur central;Adrian Bajrami;FC Luzern;€1.50m
Suisse;B;Défenseur central;Stefan Gartenmann;Ferencvárosi TC;€1.20m
Suisse;B;Arrière gauche;Ulisses Garcia;US Sassuolo;€4.00m
Suisse;B;Arrière gauche;Miro Muheim;Hamburger SV;€2.70m
Suisse;B;Arrière gauche;Ricardo Rodríguez;Real Betis Balompié;€2.50m
Suisse;B;Arrière gauche;Isaac Schmidt;SV Werder Bremen;€2.20m
Suisse;B;Arrière droit;Zachary Athekame;AC Milan;€3.00m
Suisse;B;Arrière droit;Lucas Blondel;CA Huracán;€2.20m
Suisse;B;Arrière droit;Silvan Widmer;1.FSV Mainz 05;€1.50m
Suisse;B;Milieu défensif;Denis Zakaria;AS Monaco;€30.00m
Suisse;B;Milieu défensif;Granit Xhaka;Sunderland AFC;€17.00m
Suisse;B;Milieu défensif;Ardon Jashari;AC Milan;€11.00m
Suisse;B;Milieu central;Michel Aebischer;Pisa Sporting Club;€10.00m
Suisse;B;Milieu central;Djibril Sow;Sevilla FC;€7.50m
Suisse;B;Milieu central;Remo Freuler;Bologna FC 1909;€6.50m
Suisse;B;Milieu central;Vincent Sierro;Al-Shabab FC;€4.00m
Suisse;B;Milieu central;Simon Sohm;Bologna FC 1909;€4.00m
Suisse;B;Milieu central;Johan Manzambi;SC Freiburg;€750k
Suisse;B;Milieu gauche;Joël Monteiro;BSC Young Boys;€7.00m
Suisse;B;Milieu offensif;Fabian Rieder;FC Augsburg;€10.00m
Suisse;B;Milieu offensif;Alvyn Sanches;BSC Young Boys;€9.00m
Suisse;B;Milieu offensif;Christian Fassnacht;BSC Young Boys;€2.00m
Suisse;B;Ailier gauche;Rubén Vargas;Sevilla FC;€7.00m
Suisse;B;Ailier droit;Dan Ndoye;Nottingham Forest;€25.00m
Suisse;B;Avant-centre;Zeki Amdouni;Burnley FC;€15.00m
Suisse;B;Avant-centre;Breel Embolo;Stade Rennais FC;€12.00m
Suisse;B;Avant-centre;Andi Zeqiri;Widzew Lodz;€4.00m
Suisse;B;Avant-centre;Cedric Itten;Fortuna Düsseldorf;€2.00m
Brésil;C;Gardien;Ederson;Fenerbahce;€30.00m
Brésil;C;Gardien;Alisson;Liverpool FC;€25.00m
Brésil;C;Gardien;Bento;Al-Nassr FC;€12.00m
Brésil;C;Gardien;Lucas Perri;Leeds United;€8.00m
Brésil;C;Gardien;Hugo Souza;Sport Club Corinthians Paulista;€8.00m
Brésil;C;Gardien;John Victor;Nottingham Forest;€7.00m
Brésil;C;Gardien;Weverton;Grêmio Foot-Ball Porto Alegrense;€1.80m
Brésil;C;Défenseur central;Gabriel;Arsenal FC;€75.00m
Brésil;C;Défenseur central;Murillo;Nottingham Forest;€50.00m
Brésil;C;Défenseur central;Éder Militão;Real Madrid;€40.00m
Brésil;C;Défenseur central;Marquinhos;Paris Saint-Germain;€40.00m
Brésil;C;Défenseur central;Lucas Beraldo;Paris Saint-Germain;€30.00m
Brésil;C;Défenseur central;Alexsandro;LOSC Lille;€12.00m
Brésil;C;Défenseur central;Léo Ortiz;CR Flamengo;€11.00m
Brésil;C;Défenseur central;Fabrício Bruno;Cruzeiro Esporte Clube;€7.00m
Brésil;C;Défenseur central;Danilo;CR Flamengo;€4.00m
Brésil;C;Arrière gauche;Carlos Augusto;Inter Milan;€22.00m
Brésil;C;Arrière gauche;Caio Henrique;AS Monaco;€18.00m
Brésil;C;Arrière gauche;Guilherme Arana;Fluminense Football Club;€13.00m
Brésil;C;Arrière gauche;Douglas Santos;Zenit St. Petersburg;€10.00m
Brésil;C;Arrière gauche;Luciano Juba;Esporte Clube Bahia;€3.00m
Brésil;C;Arrière gauche;Alex Sandro;CR Flamengo;€1.80m
Brésil;C;Arrière droit;Vanderson;AS Monaco;€20.00m
Brésil;C;Arrière droit;Wesley;AS Roma;€9.00m
Brésil;C;Arrière droit;Vitinho;Botafogo de Futebol e Regatas;€6.00m
Brésil;C;Arrière droit;Paulo Henrique;Clube de Regatas Vasco da Gama;€1.70m
Brésil;C;Milieu défensif;André;Wolverhampton Wanderers;€25.00m
Brésil;C;Milieu défensif;Fabinho;Al-Ittihad Club;€18.00m
Brésil;C;Milieu défensif;Casemiro;Manchester United;€12.00m
Brésil;C;Milieu central;Bruno Guimarães;Newcastle United;€80.00m
Brésil;C;Milieu central;Éderson;Atalanta BC;€50.00m
Brésil;C;Milieu central;Joelinton;Newcastle United;€40.00m
Brésil;C;Milieu central;João Gomes;Wolverhampton Wanderers;€40.00m
Brésil;C;Milieu central;Andrey Santos;Chelsea FC;€25.00m
Brésil;C;Milieu central;Andreas Pereira;Sociedade Esportiva Palmeiras;€20.00m
Brésil;C;Milieu central;Gerson;Cruzeiro Esporte Clube;€20.00m
Brésil;C;Milieu central;Jean Lucas;Esporte Clube Bahia;€8.00m
Brésil;C;Milieu offensif;Lucas Paquetá;CR Flamengo;€40.00m
Brésil;C;Ailier gauche;Vinicius Junior;Real Madrid;€200.00m
Brésil;C;Ailier gauche;Raphinha;FC Barcelona;€80.00m
Brésil;C;Ailier gauche;Savinho;Manchester City;€55.00m
Brésil;C;Ailier gauche;Gabriel Martinelli;Arsenal FC;€55.00m
Brésil;C;Ailier gauche;Samuel Lino;CR Flamengo;€25.00m
Brésil;C;Ailier droit;Rodrygo;Real Madrid;€100.00m
Brésil;C;Ailier droit;Estêvão;Chelsea FC;€50.00m
Brésil;C;Ailier droit;Luiz Henrique;Zenit St. Petersburg;€22.00m
Brésil;C;Ailier droit;Antony;Real Betis Balompié;€20.00m
Brésil;C;Avant-centre;João Pedro;Chelsea FC;€50.00m
Brésil;C;Avant-centre;Matheus Cunha;Manchester United;€50.00m
Brésil;C;Avant-centre;Endrick;Olympique Lyon;€40.00m
Brésil;C;Avant-centre;Richarlison;Tottenham Hotspur;€30.00m
Brésil;C;Avant-centre;Vitor Roque;Sociedade Esportiva Palmeiras;€20.00m
Brésil;C;Avant-centre;Igor Jesus;Nottingham Forest;€15.00m
Brésil;C;Avant-centre;Kaio Jorge;Cruzeiro Esporte Clube;€4.50m
Maroc;C;Gardien;Yassine Bounou;Al-Hilal SFC;€7.00m
Maroc;C;Gardien;El Mehdi Benabid;Wydad Casablanca;€1.60m
Maroc;C;Gardien;Salaheddine Chihab;MAS Fès;€1.00m
Maroc;C;Gardien;Munir El Kajoui;Renaissance de Berkane;€850k
Maroc;C;Gardien;El Mehdi Al Harrar;Raja Club Athletic;€200k
Maroc;C;Gardien;Rachid Ghanimi;FUS Rabat;€25k
Maroc;C;Défenseur central;Nayef Aguerd;Olympique Marseille;€35.00m
Maroc;C;Défenseur central;Abdel Abqar;Getafe CF;€7.50m
Maroc;C;Défenseur central;Romain Saïss;Al-Sadd SC;€3.00m
Maroc;C;Défenseur central;Soufiane Bouftini;Al-Wasl SC;€1.80m
Maroc;C;Défenseur central;Jawad El Yamiq;Real Zaragoza;€1.50m
Maroc;C;Défenseur central;Adam Masina;Without Club;€1.50m
Maroc;C;Défenseur central;Jamal Harkass;Damac FC;€1.40m
Maroc;C;Défenseur central;Marouane Louadni;AS FAR Rabat;€650k
Maroc;C;Défenseur central;Abdelhak Assal;Renaissance de Berkane;€650k
Maroc;C;Défenseur central;Marwane Saadane;Al-Fateh SC;€600k
Maroc;C;Défenseur central;Bouchaib Arrassi;FC Ararat-Armenia;€250k
Maroc;C;Défenseur central;Mehdi Mchakhchekh;Raja Club Athletic;€10k
Maroc;C;Défenseur central;Abdelhamid Ait Boudlal;Stade Rennais FC;-
Maroc;C;Arrière gauche;Souffian El Karouani;FC Utrecht;€5.00m
Maroc;C;Arrière gauche;Anass Salah-Eddine;PSV Eindhoven;€5.00m
Maroc;C;Arrière gauche;Adam Aznou;Everton FC;€3.00m
Maroc;C;Arrière gauche;Youssef Belammari;Al Ahly FC;€1.70m
Maroc;C;Arrière gauche;Hamza El Moussaoui;Renaissance de Berkane;€900k
Maroc;C;Arrière gauche;Mahmoud Bentayg;Zamalek SC;€400k
Maroc;C;Arrière gauche;Fouad Zahouani;Union Touarga Sportif;-
Maroc;C;Arrière droit;Achraf Hakimi;Paris Saint-Germain;€60.00m
Maroc;C;Arrière droit;Noussair Mazraoui;Manchester United;€32.00m
Maroc;C;Arrière droit;Zakaria El Ouahdi;KRC Genk;€10.00m
Maroc;C;Arrière droit;Omar El Hilali;RCD Espanyol Barcelona;€3.00m
Maroc;C;Arrière droit;Mohamed Chibi;Pyramids FC;€1.20m
Maroc;C;Arrière droit;Mohamed Moufid;Wydad Casablanca;€850k
Maroc;C;Arrière droit;Mohamed Boulacsout;Raja Club Athletic;€800k
Maroc;C;Milieu défensif;Sofyan Amrabat;Real Betis Balompié;€22.00m
Maroc;C;Milieu défensif;Aschraf El Mahdioui;Al-Taawoun FC;€3.00m
Maroc;C;Milieu défensif;Oussama Targhalline;Feyenoord Rotterdam;€3.00m
Maroc;C;Milieu défensif;Oussama El Azzouzi;AJ Auxerre;€2.00m
Maroc;C;Milieu défensif;Mohamed Rabie Hrimat;AS FAR Rabat;€1.60m
Maroc;C;Milieu défensif;Anas Bach;AS FAR Rabat;€750k
Maroc;C;Milieu central;Azzedine Ounahi;Girona FC;€10.00m
Maroc;C;Milieu central;Amir Richardson;FC Copenhagen;€9.00m
Maroc;C;Milieu central;Neil El Aynaoui;AS Roma;€8.00m
Maroc;C;Milieu central;Walid El Karti;Pyramids FC;€1.50m
Maroc;C;Milieu central;Bilal Nadir;Olympique Marseille;€500k
Maroc;C;Milieu central;Ayoub Khairi;Renaissance de Berkane;€500k
Maroc;C;Milieu offensif;Bilal El Khannouss;VfB Stuttgart;€30.00m
Maroc;C;Milieu offensif;Ismael Saibari;PSV Eindhoven;€23.00m
Maroc;C;Milieu offensif;Oussama Tannane;Umm Salal SC;€1.60m
Maroc;C;Milieu offensif;Amine Zouhzouh;Al-Wakrah SC;€1.50m
Maroc;C;Milieu offensif;Sabir Bougrine;Raja Club Athletic;€800k
Maroc;C;Milieu offensif;Khalid Aït Ouarkhane;AS FAR Rabat;€500k
Maroc;C;Milieu offensif;Hossam Essadak;Union Touarga Sportif;€225k
Maroc;C;Milieu offensif;Reda Hajji;Renaissance de Berkane;€150k
Maroc;C;Ailier gauche;Eliesse Ben Seghir;Bayer 04 Leverkusen;€30.00m
Maroc;C;Ailier gauche;Amine Adli;AFC Bournemouth;€22.00m
Maroc;C;Ailier gauche;Abde Ezzalzouli;Real Betis Balompié;€15.00m
Maroc;C;Ailier gauche;Sofiane Diop;OGC Nice;€12.00m
Maroc;C;Ailier gauche;Osame Sahraoui;LOSC Lille;€12.00m
Maroc;C;Ailier gauche;Soufiane Rahimi;Al-Ain FC;€7.50m
Maroc;C;Ailier gauche;Mounir Chouiar;Renaissance de Berkane;€3.00m
Maroc;C;Ailier gauche;Youssef Mehri;Renaissance de Berkane;€800k
Maroc;C;Ailier gauche;Saifeddine Bouhra;Al-Khaldiya FC;€450k
Maroc;C;Ailier gauche;Anas El Mahraoui;FC Orenburg;€50k
Maroc;C;Ailier droit;Brahim Díaz;Real Madrid;€35.00m
Maroc;C;Ailier droit;Ilias Akhomach;Rayo Vallecano;€15.00m
Maroc;C;Ailier droit;Chemsdine Talbi;Sunderland AFC;€3.00m
Maroc;C;Ailier droit;Amine Souane;FUS Rabat;€600k
Maroc;C;Ailier droit;Imad Riahi;Renaissance de Berkane;€450k
Maroc;C;Ailier droit;Khalid Baba;MAS Fès;€175k
Maroc;C;Ailier droit;Salaheddine Errahouli;Olympique Safi;€150k
Maroc;C;Avant-centre;Youssef En-Nesyri;Al-Ittihad Club;€22.00m
Maroc;C;Avant-centre;Tarik Tissoudali;Khor Fakkan SSC;€5.00m
Maroc;C;Avant-centre;Ayoub El Kaabi;Olympiacos Piraeus;€5.00m
Maroc;C;Avant-centre;Walid Azaro;Ajman Club;€4.50m
Maroc;C;Avant-centre;Hamza Igamane;LOSC Lille;€2.50m
Maroc;C;Avant-centre;Abderrazak Hamdallah;Al-Shabab FC;€2.00m
Maroc;C;Avant-centre;Karim El Berkaoui;Al-Dhafra FC;€1.00m
Maroc;C;Avant-centre;Oussama Lamlioui;Renaissance de Berkane;€550k
Maroc;C;Avant-centre;Hamza Hannouri;Wydad Casablanca;€500k
Maroc;C;Avant-centre;Maroan Sannadi;Athletic Bilbao;€400k
Maroc;C;Avant-centre;Ayoub Mouloua;FUS Rabat;€100k
Maroc;C;Avant-centre;Youness El Kaabi;Renaissance de Berkane;-
Haïti;C;Gardien;Johny Placide;SC Bastia;€200k
Haïti;C;Gardien;Garissone Innocent;Atlético Ottawa;€50k
Haïti;C;Gardien;Alexandre Pierre;FC Sochaux-Montbéliard;€50k
Haïti;C;Gardien;Valendi Odelus;Real Hope Football Academy;-
Haïti;C;Gardien;Josué Duverger;FC Cosmos Koblenz;-
Haïti;C;Gardien;Tony Algarin;Stade de Reims U19;-
Haïti;C;Gardien;Grant Leveille;D.C. United;-
Haïti;C;Défenseur central;Hannes Delcroix;FC Lugano;€4.00m
Haïti;C;Défenseur central;Jean-Kévin Duverne;KAA Gent;€3.00m
Haïti;C;Défenseur central;Ricardo Adé;LDU Quito;€350k
Haïti;C;Défenseur central;François Dulysse;Hapoel Hadera;€250k
Haïti;C;Défenseur central;Garven Metusala;Colorado Springs Switchbacks FC;€150k
Haïti;C;Défenseur central;Keeto Thermoncy;BSC Young Boys U21;€25k
Haïti;C;Défenseur central;Peterson Pierre-Louis;Mount Pleasant FA;-
Haïti;C;Arrière gauche;Martin Expérience;AS Nancy-Lorraine;€300k
Haïti;C;Arrière gauche;Duke Lacroix;Colorado Springs Switchbacks FC;€200k
Haïti;C;Arrière droit;Carlens Arcus;Angers SCO;€1.50m
Haïti;C;Arrière droit;Stéphane Lambese;FC Fleury 91;€300k
Haïti;C;Arrière droit;Wilguens Paugain;Zulte Waregem;€200k
Haïti;C;Milieu défensif;Danley Jean Jacques;Philadelphia Union;€1.20m
Haïti;C;Milieu défensif;Leverton Pierre;FC Vizela;€250k
Haïti;C;Milieu défensif;Belmar Joseph;Monterey Bay FC;€100k
Haïti;C;Milieu défensif;Carl Sainté;El Paso Locomotive FC;€100k
Haïti;C;Milieu central;Jean-Ricner Bellegarde;Wolverhampton Wanderers;€18.00m
Haïti;C;Milieu central;Christopher Attys;US Triestina;€75k
Haïti;C;Milieu gauche;Jerry Desdunes;AV Alta FC;-
Haïti;C;Ailier gauche;Derrick Etienne Jr.;Toronto FC;€1.20m
Haïti;C;Ailier gauche;Fafà Picault;Atlanta United FC;€600k
Haïti;C;Ailier gauche;Ruben Providence;Almere City FC;€450k
Haïti;C;Ailier gauche;Dany Jean;SC União Torreense;€400k
Haïti;C;Ailier gauche;Mikaël Cantave;Makedonikos;€150k
Haïti;C;Ailier droit;Josué Casimir;AJ Auxerre;€3.50m
Haïti;C;Ailier droit;Louicius Deedson;FC Dallas;€1.70m
Haïti;C;Ailier droit;Téo James Michel;CD Ibiza Islas Pitiusas;€100k
Haïti;C;Avant-centre;Frantzdy Pierrot;Caykur Rizespor;€3.50m
Haïti;C;Avant-centre;Duckens Nazon;Esteghlal FC;€1.30m
Haïti;C;Avant-centre;Mondy Prunier;Francs Borains;€500k
Haïti;C;Avant-centre;Yassin Fortuné;FC Vizela;€300k
Haïti;C;Avant-centre;Woobens Pacius;Nashville SC;€200k
Haïti;C;Striker;Emerson Laïssé;Mount Pleasant Academy;-
Écosse;C;Gardien;Angus Gunn;Nottingham Forest;€2.50m
Écosse;C;Gardien;Liam Kelly;Rangers FC;€800k
Écosse;C;Gardien;Zander Clark;Heart of Midlothian FC;€500k
Écosse;C;Gardien;Robby McCrorie;Esbjerg fB;€500k
Écosse;C;Gardien;Cieran Slicker;Ipswich Town;€300k
Écosse;C;Gardien;Ross Doohan;Celtic FC;€250k
Écosse;C;Gardien;Scott Bain;Falkirk FC;€200k
Écosse;C;Gardien;Callan McKenna;AFC Bournemouth U21;€100k
Écosse;C;Gardien;Craig Gordon;Heart of Midlothian FC;€100k
Écosse;C;Défenseur central;Scott McKenna;GNK Dinamo Zagreb;€6.00m
Écosse;C;Défenseur central;John Souttar;Rangers FC;€4.50m
Écosse;C;Défenseur central;Ryan Porteous;Los Angeles FC;€3.00m
Écosse;C;Défenseur central;Jack Hendry;Al-Ettifaq FC;€2.50m
Écosse;C;Défenseur central;Grant Hanley;Hibernian FC;€700k
Écosse;C;Arrière gauche;Andrew Robertson;Liverpool FC;€25.00m
Écosse;C;Arrière gauche;Kieran Tierney;Celtic FC;€10.00m
Écosse;C;Arrière gauche;Josh Doig;US Sassuolo;€4.50m
Écosse;C;Arrière droit;Aaron Hickey;Brentford FC;€22.00m
Écosse;C;Arrière droit;Nathan Patterson;Everton FC;€15.00m
Écosse;C;Arrière droit;Anthony Ralston;Celtic FC;€2.00m
Écosse;C;Arrière droit;Max Johnston;Derby County;€1.50m
Écosse;C;Milieu défensif;Billy Gilmour;SSC Napoli;€16.00m
Écosse;C;Milieu défensif;Connor Barron;Rangers FC;€2.50m
Écosse;C;Milieu central;Scott McTominay;SSC Napoli;€40.00m
Écosse;C;Milieu central;John McGinn;Aston Villa;€23.00m
Écosse;C;Milieu central;Lewis Ferguson;Bologna FC 1909;€22.00m
Écosse;C;Milieu central;Ryan Christie;AFC Bournemouth;€12.00m
Écosse;C;Milieu central;Andrew Irving;AC Sparta Prague;€5.00m
Écosse;C;Milieu central;Lennon Miller;Udinese Calcio;€4.00m
Écosse;C;Milieu central;Kenny McLean;Norwich City;€800k
Écosse;C;Milieu central;Josh Mulligan;Hibernian FC;€400k
Écosse;C;Ailier droit;Ben Gannon-Doak;AFC Bournemouth;€10.00m
Écosse;C;Avant-centre;Ché Adams;Torino FC;€15.00m
Écosse;C;Avant-centre;Tommy Conway;Middlesbrough FC;€6.00m
Écosse;C;Avant-centre;George Hirst;Ipswich Town;€5.00m
Écosse;C;Avant-centre;Lawrence Shankland;Heart of Midlothian FC;€3.00m
Écosse;C;Avant-centre;Kevin Nisbet;Aberdeen FC;€2.50m
Écosse;C;Avant-centre;Lyndon Dykes;Charlton Athletic;€1.50m
Écosse;C;Avant-centre;James Wilson;Tottenham Hotspur U21;€800k
Écosse;C;Avant-centre;Kieron Bowie;Hellas Verona;€500k
États-Unis;D;Gardien;Matt Turner;New England Revolution;€4.00m
États-Unis;D;Gardien;Patrick Schulte;Columbus Crew;€3.50m
États-Unis;D;Gardien;Roman Celentano;FC Cincinnati;€2.50m
États-Unis;D;Gardien;Chris Brady;Chicago Fire FC;€2.50m
États-Unis;D;Gardien;Zack Steffen;Colorado Rapids;€2.00m
États-Unis;D;Gardien;Matt Freese;New York City FC;€600k
États-Unis;D;Gardien;Jonathan Klinsmann;Cesena FC;€400k
États-Unis;D;Défenseur central;Cameron Carter-Vickers;Celtic FC;€14.00m
États-Unis;D;Défenseur central;Chris Richards;Crystal Palace;€12.00m
États-Unis;D;Défenseur central;Auston Trusty;Celtic FC;€8.00m
États-Unis;D;Défenseur central;Mark McKenzie;FC Toulouse;€6.00m
États-Unis;D;Défenseur central;Miles Robinson;FC Cincinnati;€5.00m
États-Unis;D;Défenseur central;Walker Zimmerman;Toronto FC;€3.50m
États-Unis;D;Défenseur central;Tristan Blackmon;Vancouver Whitecaps FC;€2.00m
États-Unis;D;Défenseur central;George Campbell;West Bromwich Albion;€1.20m
États-Unis;D;Défenseur central;Tim Ream;Charlotte FC;€400k
États-Unis;D;Défenseur central;Noahkai Banks;FC Augsburg;€150k
États-Unis;D;Arrière gauche;John Tolkin;Holstein Kiel;€4.00m
États-Unis;D;Arrière gauche;DeJuan Jones;San Jose Earthquakes;€3.50m
États-Unis;D;Arrière droit;Sergiño Dest;PSV Eindhoven;€22.00m
États-Unis;D;Arrière droit;Joe Scally;Borussia Mönchengladbach;€10.00m
États-Unis;D;Arrière droit;Marlon Fossey;Standard Liège;€4.00m
États-Unis;D;Arrière droit;Shaq Moore;FC Dallas;€1.20m
États-Unis;D;Arrière droit;Nathan Harriel;Philadelphia Union;€1.20m
États-Unis;D;Arrière droit;Alex Freeman;Villarreal CF;€150k
États-Unis;D;Milieu défensif;Tyler Adams;AFC Bournemouth;€15.00m
États-Unis;D;Milieu défensif;Tanner Tessmann;Olympique Lyon;€6.00m
États-Unis;D;Milieu défensif;James Sands;FC St. Pauli;€3.00m
États-Unis;D;Milieu défensif;Emeka Eneli;Real Salt Lake City;€1.50m
États-Unis;D;Milieu central;Weston McKennie;Juventus FC;€24.00m
États-Unis;D;Milieu central;Yunus Musah;Atalanta BC;€22.00m
États-Unis;D;Milieu central;Johnny Cardoso;Atlético de Madrid;€20.00m
États-Unis;D;Milieu central;Jack McGlynn;Houston Dynamo FC;€4.50m
États-Unis;D;Milieu central;Quinn Sullivan;Philadelphia Union;€4.50m
États-Unis;D;Milieu central;Benja Cremaschi;Parma Calcio 1913;€4.00m
États-Unis;D;Milieu central;Cristian Roldán;Seattle Sounders FC;€4.00m
États-Unis;D;Milieu central;Aidan Morris;Middlesbrough FC;€3.50m
États-Unis;D;Milieu central;Timothy Tillman;Los Angeles FC;€2.50m
États-Unis;D;Milieu central;Luca de la Torre;Charlotte FC;€1.50m
États-Unis;D;Milieu central;Sebastian Berhalter;Vancouver Whitecaps FC;€1.00m
États-Unis;D;Milieu droit;Timothy Weah;Olympique Marseille;€17.00m
États-Unis;D;Milieu gauche;Diego Luna;Real Salt Lake City;€6.00m
États-Unis;D;Milieu offensif;Malik Tillman;Bayer 04 Leverkusen;€30.00m
États-Unis;D;Milieu offensif;Giovanni Reyna;Borussia Mönchengladbach;€12.00m
États-Unis;D;Milieu offensif;Brenden Aaronson;Leeds United;€12.00m
États-Unis;D;Milieu offensif;Paxten Aaronson;Colorado Rapids;€6.00m
États-Unis;D;Milieu offensif;Brian Gutiérrez;Deportivo Guadalajara;€4.00m
États-Unis;D;Milieu offensif;Caden Clark;D.C. United;€2.00m
États-Unis;D;Milieu offensif;Matko Miljevic;Racing Club;€700k
États-Unis;D;Ailier gauche;Max Arfsten;Columbus Crew;€1.20m
États-Unis;D;Ailier droit;Christian Pulisic;AC Milan;€50.00m
États-Unis;D;Ailier droit;Álex Zendejas;CF América;€5.00m
États-Unis;D;Ailier droit;Indiana Vassilev;Philadelphia Union;€2.00m
États-Unis;D;Avant-centre;Folarin Balogun;AS Monaco;€25.00m
États-Unis;D;Avant-centre;Ricardo Pepi;PSV Eindhoven;€18.00m
États-Unis;D;Avant-centre;Josh Sargent;Toronto FC;€13.00m
États-Unis;D;Avant-centre;Haji Wright;Coventry City;€8.50m
États-Unis;D;Avant-centre;Brian White;Vancouver Whitecaps FC;€3.50m
États-Unis;D;Avant-centre;Damion Downs;Hamburger SV;€3.00m
États-Unis;D;Avant-centre;Patrick Agyemang;Derby County;€2.50m
Paraguay;D;Gardien;Carlos Coronel;São Paulo Futebol Clube;€1.50m
Paraguay;D;Gardien;Juan Espínola;CA Barracas Central;€800k
Paraguay;D;Gardien;Roberto Fernández;Club Cerro Porteño;€250k
Paraguay;D;Gardien;Aldo Pérez;Club Guaraní;€200k
Paraguay;D;Gardien;Orlando Gill;CA San Lorenzo de Almagro;-
Paraguay;D;Défenseur central;Júnior Alonso;Clube Atlético Mineiro;€6.00m
Paraguay;D;Défenseur central;Gustavo Gómez;Sociedade Esportiva Palmeiras;€6.00m
Paraguay;D;Défenseur central;Omar Alderete;Sunderland AFC;€5.00m
Paraguay;D;Défenseur central;Alexis Duarte;Santos FC;€3.00m
Paraguay;D;Défenseur central;Fabián Balbuena;Grêmio Foot-Ball Porto Alegrense;€2.80m
Paraguay;D;Défenseur central;Gustavo Velázquez;Club Cerro Porteño;€1.30m
Paraguay;D;Défenseur central;Ronaldo Dejesús;CA Lanús;€700k
Paraguay;D;Arrière gauche;Diego León;Manchester United;€4.00m
Paraguay;D;Arrière gauche;Agustín Sández;CA Rosario Central;€1.50m
Paraguay;D;Arrière gauche;Blas Riveros;Club Cerro Porteño;€800k
Paraguay;D;Arrière droit;Juan José Cáceres;Dynamo Moscow;€1.00m
Paraguay;D;Arrière droit;Alan Benítez;Club Libertad Asunción;€450k
Paraguay;D;Milieu défensif;Mathías Villasanti;Grêmio Foot-Ball Porto Alegrense;€10.00m
Paraguay;D;Milieu défensif;Andrés Cubas;Vancouver Whitecaps FC;€4.00m
Paraguay;D;Milieu défensif;Braian Ojeda;Orlando City SC;€4.00m
Paraguay;D;Milieu défensif;Lucas Romero;Club Universidad de Chile;€100k
Paraguay;D;Milieu central;Diego Gómez;Brighton & Hove Albion;€12.00m
Paraguay;D;Milieu central;Damián Bobadilla;São Paulo Futebol Clube;€2.50m
Paraguay;D;Milieu central;Matías Galarza;Atlanta United FC;€2.50m
Paraguay;D;Milieu offensif;Julio Enciso;RC Strasbourg Alsace;€22.00m
Paraguay;D;Milieu offensif;Kaku;Al-Ain FC;€5.00m
Paraguay;D;Milieu offensif;Hugo Cuenca;Burgos CF Promesas;€100k
Paraguay;D;Ailier gauche;Rubén Lezcano;Olimpia Asunción;€4.00m
Paraguay;D;Ailier droit;Miguel Almirón;Atlanta United FC;€16.00m
Paraguay;D;Ailier droit;Ángel Romero;CA Boca Juniors;€1.20m
Paraguay;D;Ailier droit;Diego González;Santos Laguna;€700k
Paraguay;D;Soutien d'attaquant;Ramón Sosa;Sociedade Esportiva Palmeiras;€13.00m
Paraguay;D;Avant-centre;Antonio Sanabria;US Cremonese;€6.00m
Paraguay;D;Avant-centre;Isidro Pitta;Red Bull Bragantino;€5.50m
Paraguay;D;Avant-centre;Álex Arce;CS Independiente Rivadavia;€5.00m
Paraguay;D;Avant-centre;Ronaldo Martínez;CA Talleres;€1.20m
Paraguay;D;Avant-centre;Gabriel Ávalos;CA Independiente;€1.20m
Paraguay;D;Avant-centre;Adrián Alcaraz;Olimpia Asunción;€500k
Australie;D;Gardien;Mathew Ryan;Levante UD;€2.50m
Australie;D;Gardien;Joe Gauci;Port Vale FC;€1.50m
Australie;D;Gardien;Tom Glover;RB Omiya Ardija;€800k
Australie;D;Gardien;Paul Izzo;Randers FC;€500k
Australie;D;Gardien;Patrick Beach;Melbourne City FC;€100k
Australie;D;Défenseur central;Alessandro Circati;Parma Calcio 1913;€8.50m
Australie;D;Défenseur central;Cameron Burgess;Swansea City;€2.50m
Australie;D;Défenseur central;Kye Rowles;D.C. United;€1.00m
Australie;D;Défenseur central;Alex Grant;Sydney FC;€450k
Australie;D;Défenseur central;Milos Degenek;APOEL Nicosia;€400k
Australie;D;Défenseur central;Hayden Matthews;Portsmouth FC;€300k
Australie;D;Défenseur central;Jack Iredale;Hibernian FC;€250k
Australie;D;Arrière gauche;Jordan Bos;Feyenoord Rotterdam;€2.00m
Australie;D;Arrière gauche;Callum Elder;Derby County;€500k
Australie;D;Arrière gauche;Aziz Behich;Melbourne City FC;€400k
Australie;D;Arrière gauche;Jason Davidson;Melbourne Victory;€250k
Australie;D;Arrière gauche;Kasey Bos;1.FSV Mainz 05;€150k
Australie;D;Arrière droit;Lewis Miller;Blackburn Rovers;€800k
Australie;D;Arrière droit;Fran Karacic;NK Osijek;€500k
Australie;D;Arrière droit;Jason Geria;Albirex Niigata;€500k
Australie;D;Arrière droit;Jacob Italiano;Grazer AK 1902;€250k
Australie;D;Arrière droit;James Overy;Manchester United U18;-
Australie;D;Milieu défensif;Aiden O'Neill;New York City FC;€3.00m
Australie;D;Milieu défensif;Max Balard;NAC Breda;€850k
Australie;D;Milieu défensif;Ryan Teague;Melbourne City FC;€400k
Australie;D;Milieu défensif;Kai Trewin;New York City FC;€400k
Australie;D;Milieu défensif;Paul Okon-Engstler;Sydney FC;€200k
Australie;D;Milieu central;Riley McGree;Middlesbrough FC;€3.50m
Australie;D;Milieu central;Connor Metcalfe;FC St. Pauli;€2.50m
Australie;D;Milieu central;Patrick Yazbek;Nashville SC;€2.00m
Australie;D;Milieu central;Jackson Irvine;FC St. Pauli;€2.00m
Australie;D;Milieu central;Cammy Devlin;Heart of Midlothian FC;€1.00m
Australie;D;Milieu central;Ajdin Hrustic;Heracles Almelo;€400k
Australie;D;Milieu offensif;Anthony Kalik;HNK Hajduk Split;€1.00m
Australie;D;Milieu offensif;Anthony Cáceres;Macarthur FC;€600k
Australie;D;Ailier gauche;Craig Goodwin;Adelaide United;€1.20m
Australie;D;Ailier gauche;Sam Silvera;Middlesbrough FC;€800k
Australie;D;Ailier gauche;Nishan Velupillay;Melbourne Victory;€350k
Australie;D;Ailier gauche;Al Hassan Touré;Sydney FC;€250k
Australie;D;Ailier droit;Nestory Irankunda;Watford FC;€3.00m
Australie;D;Ailier droit;Marco Tilio;Rapid Vienna;€1.20m
Australie;D;Ailier droit;Daniel Arzani;Melbourne City FC;€500k
Australie;D;Ailier droit;Nicolas Milanovic;Aberdeen FC;€450k
Australie;D;Ailier droit;Adrian Segečić;Portsmouth FC;€400k
Australie;D;Avant-centre;Martin Boyle;Hibernian FC;€800k
Australie;D;Avant-centre;Nick D'Agostino;Brisbane Roar;€800k
Australie;D;Avant-centre;Adam Taggart;Perth Glory;€750k
Australie;D;Avant-centre;Brandon Borrello;Western Sydney Wanderers;€700k
Australie;D;Avant-centre;Kusini Yengi;Aberdeen FC;€700k
Australie;D;Avant-centre;Mohamed Touré;Norwich City;€700k
Australie;D;Avant-centre;Mitchell Duke;Macarthur FC;€400k
Australie;D;Avant-centre;Noah Botic;Austria Vienna;€350k
Turquie;D;Gardien;Altay Bayındır;Manchester United;€10.00m
Turquie;D;Gardien;Uğurcan Çakır;Galatasaray;€8.00m
Turquie;D;Gardien;Berke Özer;LOSC Lille;€3.50m
Turquie;D;Gardien;Muhammed Şengezer;Basaksehir FK;€2.00m
Turquie;D;Gardien;Mert Günok;Fenerbahce;€1.20m
Turquie;D;Défenseur central;Merih Demiral;Al-Ahli SFC;€14.00m
Turquie;D;Défenseur central;Çağlar Söyüncü;Fenerbahce;€8.50m
Turquie;D;Défenseur central;Abdülkerim Bardakcı;Galatasaray;€7.50m
Turquie;D;Défenseur central;Emirhan Topçu;Besiktas JK;€5.00m
Turquie;D;Défenseur central;Yasin Özcan;Besiktas JK;€4.50m
Turquie;D;Défenseur central;Rayyan Baniya;Konyaspor;€2.50m
Turquie;D;Défenseur central;Samet Akaydin;Caykur Rizespor;€2.00m
Turquie;D;Défenseur central;Yusuf Akçiçek;Al-Hilal SFC;€150k
Turquie;D;Arrière gauche;Ferdi Kadıoğlu;Brighton & Hove Albion;€30.00m
Turquie;D;Arrière gauche;Eren Elmalı;Galatasaray;€4.00m
Turquie;D;Arrière gauche;Mustafa Eskihellaç;Trabzonspor;€1.30m
Turquie;D;Arrière droit;Mert Müldür;Fenerbahce;€6.50m
Turquie;D;Arrière droit;Zeki Çelik;AS Roma;€5.00m
Turquie;D;Milieu défensif;Hakan Çalhanoğlu;Inter Milan;€40.00m
Turquie;D;Milieu défensif;İsmail Yüksek;Fenerbahce;€14.00m
Turquie;D;Milieu défensif;Atakan Karazor;VfB Stuttgart;€12.00m
Turquie;D;Milieu défensif;Salih Özcan;Borussia Dortmund;€7.00m
Turquie;D;Milieu défensif;Kaan Ayhan;Galatasaray;€4.60m
Turquie;D;Milieu défensif;Okay Yokuşlu;Trabzonspor;€3.00m
Turquie;D;Milieu défensif;Demir Ege Tıknaz;SC Braga;€2.50m
Turquie;D;Milieu central;Orkun Kökçü;Besiktas JK;€28.00m
Turquie;D;Milieu central;İsak Vural;Pisa Sporting Club;€300k
Turquie;D;Milieu offensif;Arda Güler;Real Madrid;€45.00m
Turquie;D;Milieu offensif;Can Uzun;Eintracht Frankfurt;€12.00m
Turquie;D;Ailier gauche;Kenan Yıldız;Juventus FC;€45.00m
Turquie;D;Ailier gauche;Kerem Aktürkoğlu;Fenerbahce;€25.00m
Turquie;D;Ailier gauche;Barış Alper Yılmaz;Galatasaray;€20.00m
Turquie;D;Ailier gauche;Ahmed Kutucu;Galatasaray;€3.50m
Turquie;D;Ailier droit;Yunus Akgün;Galatasaray;€11.00m
Turquie;D;Ailier droit;İrfan Can Kahveci;Kasimpasa;€9.50m
Turquie;D;Ailier droit;Oğuz Aydın;Fenerbahce;€6.00m
Turquie;D;Ailier droit;Yusuf Sarı;Basaksehir FK;€3.80m
Turquie;D;Ailier droit;Emre Mor;Fenerbahce;€1.10m
Turquie;D;Avant-centre;Deniz Gül;FC Porto;€4.50m
Allemagne;E;Gardien;Marc-André ter Stegen;Girona FC;€15.00m
Allemagne;E;Gardien;Alexander Nübel;VfB Stuttgart;€12.00m
Allemagne;E;Gardien;Stefan Ortega;Nottingham Forest;€9.00m
Allemagne;E;Gardien;Oliver Baumann;TSG 1899 Hoffenheim;€3.00m
Allemagne;E;Gardien;Finn Dahmen;FC Augsburg;€2.50m
Allemagne;E;Défenseur central;Nico Schlotterbeck;Borussia Dortmund;€40.00m
Allemagne;E;Défenseur central;Yann Bisseck;Inter Milan;€30.00m
Allemagne;E;Défenseur central;Jonathan Tah;Bayern Munich;€30.00m
Allemagne;E;Défenseur central;Antonio Rüdiger;Real Madrid;€24.00m
Allemagne;E;Défenseur central;Waldemar Anton;Borussia Dortmund;€24.00m
Allemagne;E;Défenseur central;Malick Thiaw;Newcastle United;€20.00m
Allemagne;E;Défenseur central;Robin Koch;Eintracht Frankfurt;€18.00m
Allemagne;E;Défenseur central;Thilo Kehrer;AS Monaco;€15.00m
Allemagne;E;Défenseur central;Nnamdi Collins;Eintracht Frankfurt;€4.00m
Allemagne;E;Arrière gauche;David Raum;RB Leipzig;€25.00m
Allemagne;E;Arrière gauche;Maximilian Mittelstädt;VfB Stuttgart;€20.00m
Allemagne;E;Arrière gauche;Robin Gosens;ACF Fiorentina;€8.00m
Allemagne;E;Arrière gauche;Nathaniel Brown;Eintracht Frankfurt;€8.00m
Allemagne;E;Arrière droit;Ridle Baku;RB Leipzig;€7.00m
Allemagne;E;Milieu défensif;Aleksandar Pavlovic;Bayern Munich;€50.00m
Allemagne;E;Milieu défensif;Joshua Kimmich;Bayern Munich;€50.00m
Allemagne;E;Milieu défensif;Angelo Stiller;VfB Stuttgart;€32.00m
Allemagne;E;Milieu défensif;Robert Andrich;Bayer 04 Leverkusen;€15.00m
Allemagne;E;Milieu central;Felix Nmecha;Borussia Dortmund;€28.00m
Allemagne;E;Milieu central;Leon Goretzka;Bayern Munich;€22.00m
Allemagne;E;Milieu central;Tom Bischof;Bayern Munich;€12.00m
Allemagne;E;Milieu central;Nadiem Amiri;1.FSV Mainz 05;€11.00m
Allemagne;E;Milieu central;Assan Ouédraogo;RB Leipzig;€10.00m
Allemagne;E;Milieu central;Pascal Groß;Brighton & Hove Albion;€7.00m
Allemagne;E;Milieu offensif;Jamal Musiala;Bayern Munich;€140.00m
Allemagne;E;Milieu offensif;Florian Wirtz;Liverpool FC;€140.00m
Allemagne;E;Milieu offensif;Paul Nebel;1.FSV Mainz 05;€7.00m
Allemagne;E;Ailier gauche;Kevin Schade;Brentford FC;€22.00m
Allemagne;E;Ailier gauche;Said El Mala;1.FC Köln;€1.00m
Allemagne;E;Ailier droit;Leroy Sané;Galatasaray;€45.00m
Allemagne;E;Ailier droit;Karim Adeyemi;Borussia Dortmund;€35.00m
Allemagne;E;Ailier droit;Jamie Leweling;VfB Stuttgart;€20.00m
Allemagne;E;Soutien d'attaquant;Serge Gnabry;Bayern Munich;€35.00m
Allemagne;E;Avant-centre;Maximilian Beier;Borussia Dortmund;€30.00m
Allemagne;E;Avant-centre;Deniz Undav;VfB Stuttgart;€28.00m
Allemagne;E;Avant-centre;Jonathan Burkardt;Eintracht Frankfurt;€25.00m
Allemagne;E;Avant-centre;Niclas Füllkrug;AC Milan;€15.00m
Allemagne;E;Avant-centre;Tim Kleindienst;Borussia Mönchengladbach;€12.00m
Allemagne;E;Avant-centre;Nick Woltemade;Newcastle United;€7.50m
Curaçao;E;Gardien;Eloy Room;Miami FC;€250k
Curaçao;E;Gardien;Trevor Doornbusch;VVV-Venlo;€100k
Curaçao;E;Gardien;Tyrick Bodak;SC Telstar;€25k
Curaçao;E;Gardien;Leandro Merencia;FC Twente Enschede U21;-
Curaçao;E;Défenseur central;Armando Obispo;PSV Eindhoven;€3.50m
Curaçao;E;Défenseur central;Riechedly Bazoer;Konyaspor;€3.50m
Curaçao;E;Défenseur central;Roshon van Eijma;RKC Waalwijk;€500k
Curaçao;E;Défenseur central;Juriën Gaari;Abha Club;€450k
Curaçao;E;Défenseur central;Jurich Carolina;FK Borac Banja Luka;€400k
Curaçao;E;Défenseur central;Cuco Martina;SV Victory Boys;€200k
Curaçao;E;Défenseur central;Deveron Fonville;NEC Nijmegen;-
Curaçao;E;Arrière gauche;Sherel Floranus;PEC Zwolle;€750k
Curaçao;E;Arrière gauche;Jayden Candelaria;NAC Breda;-
Curaçao;E;Arrière droit;Joshua Brenet;Kayserispor;€3.00m
Curaçao;E;Arrière droit;Shurandy Sambo;Sparta Rotterdam;€2.00m
Curaçao;E;Arrière droit;Livano Comenencia;FC Zürich;€800k
Curaçao;E;Arrière droit;Tyrique Mercera;FC Groningen;€350k
Curaçao;E;Milieu défensif;Godfried Roemeratoe;RKC Waalwijk;€600k
Curaçao;E;Milieu défensif;Kevin Felida;FC Den Bosch;€200k
Curaçao;E;Milieu central;Juninho Bacuna;FC Volendam;€3.20m
Curaçao;E;Milieu central;Leandro Bacuna;Igdir FK;€350k
Curaçao;E;Milieu droit;Tyrese Noslin;SC Telstar;€200k
Curaçao;E;Milieu offensif;Tahith Chong;Sheffield United;€6.00m
Curaçao;E;Ailier gauche;Kenji Gorré;Maccabi Haifa;€850k
Curaçao;E;Ailier gauche;Jeremy Antonisse;AE Kifisia;€700k
Curaçao;E;Ailier gauche;Jearl Margaritha;SK Beveren;€400k
Curaçao;E;Ailier gauche;Rayvien Rosario;FC Zimbru Chisinau;€100k
Curaçao;E;Ailier droit;Sontje Hansen;Middlesbrough FC;€3.50m
Curaçao;E;Ailier droit;Ar'jany Martha;Rotherham United;€900k
Curaçao;E;Ailier droit;Brandley Kuwas;FC Volendam;€350k
Curaçao;E;Ailier droit;Joshua Zimmerman;Livingston FC;€200k
Curaçao;E;Avant-centre;Jordi Paulina;Fortuna Düsseldorf;€300k
Curaçao;E;Avant-centre;Jürgen Locadia;Miami FC;€300k
Curaçao;E;Avant-centre;Rangelo Janga;FC Eindhoven;€250k
Curaçao;E;Avant-centre;Gervane Kastaneer;Terengganu FC;€200k
Côte d'Ivoire;E;Gardien;Alban Lafont;Panathinaikos;€7.00m
Côte d'Ivoire;E;Gardien;Yahia Fofana;Caykur Rizespor;€4.50m
Côte d'Ivoire;E;Gardien;Mohamed Koné;Royal Charleroi SC;€1.70m
Côte d'Ivoire;E;Gardien;Badra Ali Sangaré;Without Club;€50k
Côte d'Ivoire;E;Défenseur central;Ousmane Diomande;Sporting CP;€40.00m
Côte d'Ivoire;E;Défenseur central;Odilon Kossounou;Atalanta BC;€30.00m
Côte d'Ivoire;E;Défenseur central;Wilfried Singo;Galatasaray;€25.00m
Côte d'Ivoire;E;Défenseur central;Evan Ndicka;AS Roma;€25.00m
Côte d'Ivoire;E;Défenseur central;Emmanuel Agbadou;Besiktas JK;€10.00m
Côte d'Ivoire;E;Défenseur central;Cédric Kipré;Ipswich Town;€3.00m
Côte d'Ivoire;E;Défenseur central;Willy Boly;Nottingham Forest;€2.00m
Côte d'Ivoire;E;Défenseur central;Jean-Philippe Gbamin;FC Metz;€2.00m
Côte d'Ivoire;E;Défenseur central;Clément Akpa;AJ Auxerre;€2.00m
Côte d'Ivoire;E;Défenseur central;Junior Diaz;Stade Brestois 29;€2.00m
Côte d'Ivoire;E;Arrière gauche;Ghislain Konan;Gil Vicente FC;€5.00m
Côte d'Ivoire;E;Arrière gauche;Christopher Operi;Basaksehir FK;€4.00m
Côte d'Ivoire;E;Arrière gauche;Hassane Kamara;Udinese Calcio;€3.50m
Côte d'Ivoire;E;Arrière droit;Guéla Doué;RC Strasbourg Alsace;€8.00m
Côte d'Ivoire;E;Arrière droit;Luck Zogbé;Stade Brestois 29;€500k
Côte d'Ivoire;E;Arrière droit;Armel Zohouri;Iberia 1999 Tbilisi;€400k
Côte d'Ivoire;E;Milieu défensif;Ibrahim Sangaré;Nottingham Forest;€28.00m
Côte d'Ivoire;E;Milieu défensif;Mory Gbane;Stade Reims;€2.50m
Côte d'Ivoire;E;Milieu défensif;Jean-Eudes Aholou;Umm Salal SC;€1.50m
Côte d'Ivoire;E;Milieu défensif;Kader Keita;FC Rapid 1923;€850k
Côte d'Ivoire;E;Milieu défensif;Jean Michaël Seri;NK Maribor;€750k
Côte d'Ivoire;E;Milieu central;Franck Kessié;Al-Ahli SFC;€15.00m
Côte d'Ivoire;E;Milieu central;Seko Fofana;FC Porto;€12.00m
Côte d'Ivoire;E;Milieu central;Mohamed Diomandé;Rangers FC;€6.00m
Côte d'Ivoire;E;Milieu central;Lazare Amani;AE Kifisia;€3.50m
Côte d'Ivoire;E;Milieu central;Christ Inao Oulaï;Trabzonspor;-
Côte d'Ivoire;E;Milieu droit;Mario Dorgeles;SC Braga;€3.50m
Côte d'Ivoire;E;Ailier gauche;Simon Adingra;AS Monaco;€30.00m
Côte d'Ivoire;E;Ailier gauche;Jérémie Boga;Juventus FC;€15.00m
Côte d'Ivoire;E;Ailier gauche;Bazoumana Touré;TSG 1899 Hoffenheim;€9.00m
Côte d'Ivoire;E;Ailier gauche;Wilfried Zaha;Charlotte FC;€8.00m
Côte d'Ivoire;E;Ailier gauche;Parfait Guiagon;Royal Charleroi SC;€2.00m
Côte d'Ivoire;E;Ailier gauche;Yan Diomande;RB Leipzig;-
Côte d'Ivoire;E;Ailier droit;Amad Diallo;Manchester United;€25.00m
Côte d'Ivoire;E;Ailier droit;Evann Guessand;Crystal Palace;€20.00m
Côte d'Ivoire;E;Ailier droit;Nicolas Pépé;Villarreal CF;€7.50m
Côte d'Ivoire;E;Ailier droit;Pacôme Zouzoua;Young Africans SC;-
Côte d'Ivoire;E;Avant-centre;Emmanuel Latte Lath;Atlanta United FC;€10.00m
Côte d'Ivoire;E;Avant-centre;Oumar Diakité;Cercle Brugge;€9.00m
Côte d'Ivoire;E;Avant-centre;Vakoun Bayo;Udinese Calcio;€4.50m
Côte d'Ivoire;E;Avant-centre;Jean-Philippe Krasso;Paris FC;€4.00m
Côte d'Ivoire;E;Avant-centre;Sébastien Haller;FC Utrecht;€3.00m
Côte d'Ivoire;E;Avant-centre;Richard Kone;Queens Park Rangers;€300k
Équateur;E;Gardien;Moisés Ramírez;AE Kifisia;€1.20m
Équateur;E;Gardien;David Cabezas;Libertad FC;€800k
Équateur;E;Gardien;Cristhian Loor;Botafogo de Futebol e Regatas;€500k
Équateur;E;Gardien;Hernán Galíndez;CA Huracán;€350k
Équateur;E;Gardien;Gonzalo Valle;LDU Quito;€350k
Équateur;E;Défenseur central;Piero Hincapié;Arsenal FC;€40.00m
Équateur;E;Défenseur central;Willian Pacho;Paris Saint-Germain;€40.00m
Équateur;E;Défenseur central;Joel Ordóñez;Club Brugge KV;€18.00m
Équateur;E;Défenseur central;Félix Torres;Sport Club Internacional;€4.00m
Équateur;E;Défenseur central;Xavier Arreaga;Bolívar La Paz;€1.50m
Équateur;E;Défenseur central;Léo Realpe;FC Famalicão;€1.00m
Équateur;E;Arrière gauche;Pervis Estupiñán;AC Milan;€30.00m
Équateur;E;Arrière gauche;Jhoanner Chávez;AC Sparta Prague;€4.00m
Équateur;E;Arrière gauche;Yaimar Medina;KRC Genk;€3.50m
Équateur;E;Arrière gauche;Cristian Ramírez;Lokomotiv Moscow;€3.00m
Équateur;E;Arrière droit;Angelo Preciado;Clube Atlético Mineiro;€4.50m
Équateur;E;Milieu défensif;Moisés Caicedo;Chelsea FC;€80.00m
Équateur;E;Milieu défensif;Jhegson Méndez;Independiente del Valle;€1.00m
Équateur;E;Milieu défensif;Jordy Alcívar;Independiente del Valle;€1.00m
Équateur;E;Milieu central;Alan Franco;Clube Atlético Mineiro;€3.50m
Équateur;E;Milieu central;Denil Castillo;FC Midtjylland;€2.50m
Équateur;E;Milieu central;Darwin Guagua;Independiente del Valle;-
Équateur;E;Milieu offensif;Kendry Páez;CA River Plate;€12.00m
Équateur;E;Milieu offensif;Pedro Vite;UNAM Pumas;€3.00m
Équateur;E;Milieu offensif;Patrik Mercado;Independiente del Valle;€750k
Équateur;E;Ailier gauche;John Mercado;AC Sparta Prague;€2.50m
Équateur;E;Ailier gauche;Nilson Angulo;Sunderland AFC;€1.50m
Équateur;E;Ailier droit;Alan Minda;Clube Atlético Mineiro;€6.00m
Équateur;E;Ailier droit;Gonzalo Plata;CR Flamengo;€6.00m
Équateur;E;Ailier droit;Keny Arroyo;Cruzeiro Esporte Clube;€4.00m
Équateur;E;Ailier droit;Janner Corozo;LDU Quito;€1.50m
Équateur;E;Ailier droit;Bryan Ramírez;FC Cincinnati;€1.20m
Équateur;E;Soutien d'attaquant;John Yeboah;Venezia FC;€2.50m
Équateur;E;Avant-centre;Leonardo Campana;New England Revolution;€3.50m
Équateur;E;Avant-centre;Kevin Rodríguez;Union Saint-Gilloise;€2.50m
Équateur;E;Avant-centre;Enner Valencia;CF Pachuca;€2.00m
Équateur;E;Avant-centre;Jeremy Arévalo;VfB Stuttgart;€200k
Pays-Bas;F;Gardien;Bart Verbruggen;Brighton & Hove Albion;€25.00m
Pays-Bas;F;Gardien;Mark Flekken;Bayer 04 Leverkusen;€10.00m
Pays-Bas;F;Gardien;Kjell Scherpen;Union Saint-Gilloise;€4.00m
Pays-Bas;F;Gardien;Nick Olij;PSV Eindhoven;€3.50m
Pays-Bas;F;Gardien;Robin Roefs;Sunderland AFC;€1.50m
Pays-Bas;F;Défenseur central;Micky van de Ven;Tottenham Hotspur;€55.00m
Pays-Bas;F;Défenseur central;Matthijs de Ligt;Manchester United;€45.00m
Pays-Bas;F;Défenseur central;Nathan Aké;Manchester City;€35.00m
Pays-Bas;F;Défenseur central;Jan Paul van Hecke;Brighton & Hove Albion;€32.00m
Pays-Bas;F;Défenseur central;Virgil van Dijk;Liverpool FC;€28.00m
Pays-Bas;F;Défenseur central;Stefan de Vrij;Inter Milan;€7.00m
Pays-Bas;F;Défenseur central;Youri Baas;Ajax Amsterdam;€6.00m
Pays-Bas;F;Arrière gauche;Ian Maatsen;Aston Villa;€32.00m
Pays-Bas;F;Arrière gauche;Jorrel Hato;Chelsea FC;€30.00m
Pays-Bas;F;Arrière gauche;Quilindschy Hartman;Burnley FC;€23.00m
Pays-Bas;F;Arrière droit;Jeremie Frimpong;Liverpool FC;€50.00m
Pays-Bas;F;Arrière droit;Jurriën Timber;Arsenal FC;€45.00m
Pays-Bas;F;Arrière droit;Lutsharel Geertruida;Sunderland AFC;€32.00m
Pays-Bas;F;Arrière droit;Mats Wieffer;Brighton & Hove Albion;€30.00m
Pays-Bas;F;Arrière droit;Denzel Dumfries;Inter Milan;€20.00m
Pays-Bas;F;Milieu défensif;Ryan Gravenberch;Liverpool FC;€55.00m
Pays-Bas;F;Milieu défensif;Teun Koopmeiners;Juventus FC;€50.00m
Pays-Bas;F;Milieu défensif;Jerdy Schouten;PSV Eindhoven;€32.00m
Pays-Bas;F;Milieu central;Tijjani Reijnders;Manchester City;€50.00m
Pays-Bas;F;Milieu central;Frenkie de Jong;FC Barcelona;€45.00m
Pays-Bas;F;Milieu central;Quinten Timber;Olympique Marseille;€32.00m
Pays-Bas;F;Milieu central;Kenneth Taylor;SS Lazio;€16.00m
Pays-Bas;F;Milieu central;Luciano Valente;Feyenoord Rotterdam;€1.50m
Pays-Bas;F;Milieu offensif;Xavi Simons;Tottenham Hotspur;€80.00m
Pays-Bas;F;Milieu offensif;Justin Kluivert;AFC Bournemouth;€22.00m
Pays-Bas;F;Milieu offensif;Sem Steijn;Feyenoord Rotterdam;€10.00m
Pays-Bas;F;Ailier gauche;Cody Gakpo;Liverpool FC;€60.00m
Pays-Bas;F;Ailier gauche;Noa Lang;Galatasaray;€20.00m
Pays-Bas;F;Avant-centre;Brian Brobbey;Sunderland AFC;€30.00m
Pays-Bas;F;Avant-centre;Donyell Malen;AS Roma;€28.00m
Pays-Bas;F;Avant-centre;Emmanuel Emegha;RC Strasbourg Alsace;€15.00m
Pays-Bas;F;Avant-centre;Memphis Depay;Sport Club Corinthians Paulista;€10.00m
Pays-Bas;F;Avant-centre;Wout Weghorst;Ajax Amsterdam;€5.00m
Japon;F;Gardien;Zion Suzuki;Parma Calcio 1913;€9.00m
Japon;F;Gardien;Leo Kokubo;Sint-Truidense VV;€2.50m
Japon;F;Gardien;Keisuke Osako;Sanfrecce Hiroshima;€1.70m
Japon;F;Gardien;Kosei Tani;Machida Zelvia;€1.00m
Japon;F;Gardien;Tomoki Hayakawa;Kashima Antlers;€850k
Japon;F;Gardien;Taishi Brandon Nozawa;Royal Antwerp FC;€800k
Japon;F;Gardien;Alexandre Pisano;Nagoya Grampus;€50k
Japon;F;Défenseur central;Hiroki Ito;Bayern Munich;€30.00m
Japon;F;Défenseur central;Ko Itakura;Ajax Amsterdam;€15.00m
Japon;F;Défenseur central;Koki Machida;TSG 1899 Hoffenheim;€10.00m
Japon;F;Défenseur central;Tsuyoshi Watanabe;Feyenoord Rotterdam;€9.00m
Japon;F;Défenseur central;Hayato Araki;Sanfrecce Hiroshima;€1.40m
Japon;F;Défenseur central;Shogo Taniguchi;Sint-Truidense VV;€1.20m
Japon;F;Défenseur central;Naomichi Ueda;Kashima Antlers;€1.00m
Japon;F;Défenseur central;Yuta Nakayama;Machida Zelvia;€1.00m
Japon;F;Défenseur central;Taiyo Koga;Kashiwa Reysol;€1.00m
Japon;F;Défenseur central;Ayumu Seko;Le Havre AC;€1.00m
Japon;F;Défenseur central;Kota Takai;Borussia Mönchengladbach;€550k
Japon;F;Défenseur central;Yuto Tsunashima;Royal Antwerp FC;€500k
Japon;F;Défenseur central;Tomoya Ando;FC St. Pauli;€350k
Japon;F;Défenseur central;Junnosuke Suzuki;FC Copenhagen;€350k
Japon;F;Arrière gauche;Yuto Nagatomo;FC Tokyo;€150k
Japon;F;Arrière droit;Yukinari Sugawara;SV Werder Bremen;€12.00m
Japon;F;Arrière droit;Daiki Hashioka;KAA Gent;€2.00m
Japon;F;Arrière droit;Hiroki Sekine;Stade Reims;€800k
Japon;F;Arrière droit;Henry Heroki Mochizuki;Machida Zelvia;€450k
Japon;F;Milieu défensif;Wataru Endo;Liverpool FC;€12.00m
Japon;F;Milieu défensif;Kaishu Sano;1.FSV Mainz 05;€7.00m
Japon;F;Milieu défensif;Satoshi Tanaka;Fortuna Düsseldorf;€900k
Japon;F;Milieu défensif;Sho Inagaki;Nagoya Grampus;€750k
Japon;F;Milieu défensif;Zento Uno;Shimizu S-Pulse;€400k
Japon;F;Milieu défensif;Koki Kumasaka;Kashiwa Reysol;€125k
Japon;F;Milieu central;Hidemasa Morita;Sporting CP;€15.00m
Japon;F;Milieu central;Reo Hatate;Celtic FC;€11.00m
Japon;F;Milieu central;Hayao Kawabe;Sanfrecce Hiroshima;€4.00m
Japon;F;Milieu central;Kodai Sano;NEC Nijmegen;€4.00m
Japon;F;Milieu central;Ao Tanaka;Leeds United;€4.00m
Japon;F;Milieu central;Joel Chima Fujita;FC St. Pauli;€1.80m
Japon;F;Milieu droit;Sota Kitano;Red Bull Salzburg;€450k
Japon;F;Milieu droit;Tojiro Kubo;Kashiwa Reysol;€400k
Japon;F;Milieu gauche;Ryunosuke Sato;FC Tokyo;€200k
Japon;F;Milieu offensif;Daichi Kamada;Crystal Palace;€15.00m
Japon;F;Milieu offensif;Ryoya Morishita;Blackburn Rovers;€2.00m
Japon;F;Milieu offensif;Yuto Ozeki;Kawasaki Frontale;€250k
Japon;F;Ailier gauche;Kaoru Mitoma;Brighton & Hove Albion;€45.00m
Japon;F;Ailier gauche;Takumi Minamino;AS Monaco;€15.00m
Japon;F;Ailier gauche;Keito Nakamura;Stade Reims;€12.00m
Japon;F;Ailier gauche;Daizen Maeda;Celtic FC;€8.00m
Japon;F;Ailier gauche;Koki Saito;Queens Park Rangers;€4.00m
Japon;F;Ailier gauche;Shunsuke Mito;Sparta Rotterdam;€650k
Japon;F;Ailier gauche;Kota Tawaratsumida;FC Tokyo;€650k
Japon;F;Ailier droit;Takefusa Kubo;Real Sociedad;€40.00m
Japon;F;Ailier droit;Ritsu Doan;Eintracht Frankfurt;€22.00m
Japon;F;Ailier droit;Junya Ito;KRC Genk;€8.00m
Japon;F;Ailier droit;Yuki Soma;Machida Zelvia;€1.30m
Japon;F;Ailier droit;Taisei Miyashiro;UD Las Palmas;€1.20m
Japon;F;Ailier droit;Yu Hirakawa;Hull City;€900k
Japon;F;Soutien d'attaquant;Yuito Suzuki;SC Freiburg;€7.00m
Japon;F;Avant-centre;Kyogo Furuhashi;Birmingham City;€14.00m
Japon;F;Avant-centre;Ayase Ueda;Feyenoord Rotterdam;€8.00m
Japon;F;Avant-centre;Shuto Machino;Borussia Mönchengladbach;€3.00m
Japon;F;Avant-centre;Koki Ogawa;NEC Nijmegen;€3.00m
Japon;F;Avant-centre;Mao Hosoya;Kashiwa Reysol;€1.60m
Japon;F;Avant-centre;Yuki Ohashi;Blackburn Rovers;€1.50m
Japon;F;Avant-centre;Shin Yamada;Preußen Münster;€900k
Japon;F;Avant-centre;Keisuke Goto;Sint-Truidense VV;€900k
Japon;F;Avant-centre;Taichi Hara;FC St. Pauli;€850k
Japon;F;Avant-centre;Ryo Germain;Sanfrecce Hiroshima;€700k
Japon;F;Avant-centre;Yuki Kakita;Kashiwa Reysol;€600k
Japon;F;Avant-centre;Sota Nakamura;Sanfrecce Hiroshima;-
Suède;F;Gardien;Viktor Johansson;Stoke City;€5.00m
Suède;F;Gardien;Oliver Dovin;Coventry City;€2.50m
Suède;F;Gardien;Jacob Widell Zetterström;Derby County;€2.50m
Suède;F;Gardien;Robin Olsen;Malmö FF;€1.50m
Suède;F;Gardien;Noel Törnqvist;Como 1907;€1.20m
Suède;F;Gardien;Kristoffer Nordfeldt;AIK;€200k
Suède;F;Défenseur central;Isak Hien;Atalanta BC;€30.00m
Suède;F;Défenseur central;Victor Lindelöf;Aston Villa;€10.00m
Suède;F;Défenseur central;Hjalmar Ekdal;Burnley FC;€6.50m
Suède;F;Défenseur central;Carl Starfelt;Celta de Vigo;€6.00m
Suède;F;Défenseur central;Victor Eriksson;Hammarby IF;€2.00m
Suède;F;Défenseur central;Gustaf Lagerbielke;SC Braga;€2.00m
Suède;F;Défenseur central;John Mellberg;Red Bull Salzburg;€1.50m
Suède;F;Défenseur central;Axel Norén;Mjällby AIF;€900k
Suède;F;Arrière gauche;Gabriel Gudmundsson;Leeds United;€7.00m
Suède;F;Arrière gauche;Daniel Svensson;Borussia Dortmund;€5.50m
Suède;F;Arrière gauche;Samuel Dahl;SL Benfica;€4.00m
Suède;F;Arrière gauche;Ken Sema;Pafos FC;€1.50m
Suède;F;Arrière droit;Emil Holm;Juventus FC;€7.00m
Suède;F;Arrière droit;Emil Krafth;Newcastle United;€2.50m
Suède;F;Milieu défensif;Jesper Karlström;Udinese Calcio;€2.50m
Suède;F;Milieu central;Hugo Larsson;Eintracht Frankfurt;€35.00m
Suède;F;Milieu central;Lucas Bergvall;Tottenham Hotspur;€12.00m
Suède;F;Milieu central;Yasin Ayari;Brighton & Hove Albion;€12.00m
Suède;F;Milieu central;Mattias Svanberg;VfL Wolfsburg;€12.00m
Suède;F;Milieu central;Anton Salétros;Chicago Fire FC;€2.50m
Suède;F;Milieu central;Besfort Zeneli;Union Saint-Gilloise;€2.50m
Suède;F;Milieu central;Melker Widell;Swansea City;€1.00m
Suède;F;Milieu droit;Niclas Eliasson;AEK Athens;€4.50m
Suède;F;Milieu droit;Herman Johansson;FC Dallas;€900k
Suède;F;Milieu gauche;Sebastian Nanasi;RC Strasbourg Alsace;€15.00m
Suède;F;Milieu offensif;Benjamin Nygren;Celtic FC;€3.00m
Suède;F;Ailier gauche;Hugo Bolin;Borussia Mönchengladbach;€5.00m
Suède;F;Ailier gauche;Emil Forsberg;Red Bull New York;€4.50m
Suède;F;Ailier gauche;Momodou Sonko;KAA Gent;€4.00m
Suède;F;Ailier droit;Anthony Elanga;Newcastle United;€25.00m
Suède;F;Ailier droit;Roony Bardghji;FC Barcelona;€9.00m
Suède;F;Ailier droit;Jordan Larsson;FC Copenhagen;€2.00m
Suède;F;Ailier droit;Alexander Bernhardsson;Holstein Kiel;€1.50m
Suède;F;Ailier droit;Gustav Lundgren;GAIS;€900k
Suède;F;Avant-centre;Alexander Isak;Liverpool FC;€75.00m
Suède;F;Avant-centre;Viktor Gyökeres;Arsenal FC;€75.00m
Suède;F;Avant-centre;Gustaf Nilsson;Club Brugge KV;€7.00m
Suède;F;Avant-centre;Isac Lidberg;SV Darmstadt 98;€3.00m
Tunisie;F;Gardien;Bechir Ben Said;Esperance Tunis;€800k
Tunisie;F;Gardien;Aymen Dahmen;CS Sfaxien;€650k
Tunisie;F;Gardien;Noureddine Farhati;Stade Tunisien;€300k
Tunisie;F;Gardien;Sabri Ben Hessen;Etoile Sportive du Sahel;€300k
Tunisie;F;Gardien;Sami Helal;AS Marsa;€175k
Tunisie;F;Gardien;Abdessalem Hallaoui;US Monastir;€100k
Tunisie;F;Défenseur central;Montassar Talbi;FC Lorient;€5.00m
Tunisie;F;Défenseur central;Yassine Meriah;Esperance Tunis;€1.50m
Tunisie;F;Défenseur central;Alaa Ghram;Shakhtar Donetsk;€1.50m
Tunisie;F;Défenseur central;Dylan Bronn;Servette FC;€1.30m
Tunisie;F;Défenseur central;Nader Ghandri;Swehly SC;€900k
Tunisie;F;Défenseur central;Hamza Ben Abda;Club Africain;€700k
Tunisie;F;Défenseur central;Hamza Jelassi;Esperance Tunis;€450k
Tunisie;F;Défenseur central;Oussama Haddadi;Renaissance de Berkane;€400k
Tunisie;F;Défenseur central;Marouane Sahraoui;Stade Tunisien;€400k
Tunisie;F;Défenseur central;Adem Arous;Kasimpasa;€200k
Tunisie;F;Arrière gauche;Ali Abdi;OGC Nice;€3.00m
Tunisie;F;Arrière gauche;Mohamed Amine Ben Hamida;Esperance Tunis;€650k
Tunisie;F;Arrière gauche;Ali Maâloul;CS Sfaxien;€500k
Tunisie;F;Arrière droit;Yan Valery;BSC Young Boys;€1.00m
Tunisie;F;Arrière droit;Moutaz Neffati;IFK Norrköping;€800k
Tunisie;F;Arrière droit;Mohamed Ben Ali;Esperance Tunis;€500k
Tunisie;F;Arrière droit;Mahmoud Ghorbel;FC Sheriff Tiraspol;€450k
Tunisie;F;Arrière droit;Houssem Hassen Romdhane;Club Africain;€200k
Tunisie;F;Milieu défensif;Ellyes Skhiri;Eintracht Frankfurt;€9.00m
Tunisie;F;Milieu défensif;Mohamed Belhadj Mahmoud;FC Lugano;€3.00m
Tunisie;F;Milieu défensif;Moez Haj Ali;Esperance Tunis;€600k
Tunisie;F;Milieu central;Aïssa Laïdouni;Al-Wakrah SC;€5.00m
Tunisie;F;Milieu central;Anis Ben Slimane;Norwich City;€2.50m
Tunisie;F;Milieu central;Mohamed Ali Ben Romdhane;Al Ahly FC;€2.00m
Tunisie;F;Milieu central;Ferjani Sassi;Al-Gharafa SC;€1.40m
Tunisie;F;Milieu central;Houssem Tka;Esperance Tunis;€1.20m
Tunisie;F;Milieu gauche;Sayfallah Ltaief;SpVgg Greuther Fürth;€2.00m
Tunisie;F;Milieu gauche;Amin Cherni;Göztepe;€1.00m
Tunisie;F;Milieu offensif;Hannibal;Burnley FC;€9.00m
Tunisie;F;Milieu offensif;Firas Ben Larbi;Sharjah FC;€4.50m
Tunisie;F;Milieu offensif;Chiheb Jebali;Esperance Tunis;€850k
Tunisie;F;Ailier gauche;Ismaël Gharbi;FC Augsburg;€7.50m
Tunisie;F;Ailier gauche;Elias Saad;Hannover 96;€4.00m
Tunisie;F;Ailier gauche;Elias Achouri;FC Copenhagen;€3.50m
Tunisie;F;Ailier gauche;Naïm Sliti;Al-Shamal SC;€2.50m
Tunisie;F;Ailier gauche;Mortadha Ben Ouanes;Kasimpasa;€1.50m
Tunisie;F;Ailier gauche;Sebastian Tounekti;Celtic FC;€1.00m
Tunisie;F;Ailier gauche;Hamza Khadhraoui;Club Africain;€800k
Tunisie;F;Ailier gauche;Mohamed Rayane Anane;Etoile Sportive du Sahel;-
Tunisie;F;Ailier droit;Amor Layouni;BK Häcken;€750k
Tunisie;F;Ailier droit;Khalil Ayari;Paris Saint-Germain Espoirs;€100k
Tunisie;F;Ailier droit;Nacim Dendani;AS Monaco U21;-
Tunisie;F;Avant-centre;Seifeddine Jaziri;Zamalek SC;€700k
Tunisie;F;Avant-centre;Firas Chaouat;Club Africain;€500k
Tunisie;F;Avant-centre;Hazem Mastouri;Dinamo Makhachkala;€400k
Tunisie;F;Avant-centre;Youssef Snana;Al-Sailiya SC;€350k
Tunisie;F;Avant-centre;Issam Jebali;Gamba Osaka;€300k
Belgique;G;Gardien;Thibaut Courtois;Real Madrid;€25.00m
Belgique;G;Gardien;Maarten Vandevoordt;RB Leipzig;€8.00m
Belgique;G;Gardien;Matz Sels;Nottingham Forest;€7.00m
Belgique;G;Gardien;Mike Penders;RC Strasbourg Alsace;€5.00m
Belgique;G;Gardien;Senne Lammens;Manchester United;€4.50m
Belgique;G;Défenseur central;Zeno Debast;Sporting CP;€24.00m
Belgique;G;Défenseur central;Wout Faes;AS Monaco;€20.00m
Belgique;G;Défenseur central;Arthur Theate;Eintracht Frankfurt;€20.00m
Belgique;G;Défenseur central;Koni De Winter;AC Milan;€12.00m
Belgique;G;Défenseur central;Ameen Al-Dakhil;VfB Stuttgart;€10.00m
Belgique;G;Défenseur central;Brandon Mechele;Club Brugge KV;€3.00m
Belgique;G;Arrière gauche;Maxim De Cuyper;Brighton & Hove Albion;€12.00m
Belgique;G;Arrière gauche;Joaquin Seys;Club Brugge KV;€7.00m
Belgique;G;Arrière droit;Timothy Castagne;Fulham FC;€15.00m
Belgique;G;Arrière droit;Thomas Meunier;LOSC Lille;€2.00m
Belgique;G;Milieu défensif;Amadou Onana;Aston Villa;€55.00m
Belgique;G;Milieu défensif;Nicolas Raskin;Rangers FC;€6.50m
Belgique;G;Milieu défensif;Charles Vanhoutte;OGC Nice;€5.00m
Belgique;G;Milieu défensif;Axel Witsel;Girona FC;€2.50m
Belgique;G;Milieu défensif;Jorthy Mokio;Ajax Amsterdam;€1.50m
Belgique;G;Milieu central;Youri Tielemans;Aston Villa;€30.00m
Belgique;G;Milieu central;Bryan Heynen;KRC Genk;€10.00m
Belgique;G;Milieu droit;Alexis Saelemaekers;AC Milan;€12.00m
Belgique;G;Milieu gauche;Diego Moreira;RC Strasbourg Alsace;€6.00m
Belgique;G;Milieu offensif;Charles De Ketelaere;Atalanta BC;€38.00m
Belgique;G;Milieu offensif;Kevin De Bruyne;SSC Napoli;€35.00m
Belgique;G;Milieu offensif;Hans Vanaken;Club Brugge KV;€6.00m
Belgique;G;Ailier gauche;Jérémy Doku;Manchester City;€60.00m
Belgique;G;Ailier gauche;Leandro Trossard;Arsenal FC;€30.00m
Belgique;G;Ailier gauche;Malick Fofana;Olympique Lyon;€25.00m
Belgique;G;Ailier droit;Dodi Lukébakio;SL Benfica;€20.00m
Belgique;G;Avant-centre;Loïs Openda;Juventus FC;€60.00m
Belgique;G;Avant-centre;Romelu Lukaku;SSC Napoli;€25.00m
Belgique;G;Avant-centre;Michy Batshuayi;Eintracht Frankfurt;€7.00m
Belgique;G;Avant-centre;Romeo Vermant;Club Brugge KV;€4.00m
Égypte;G;Gardien;Mohamed El Shenawy;Al Ahly FC;€1.80m
Égypte;G;Gardien;Ahmed El Shenawy;Pyramids FC;€700k
Égypte;G;Gardien;Mohamed Sobhi;Zamalek SC;€600k
Égypte;G;Gardien;Oufa Shobeir;Al Ahly FC;€600k
Égypte;G;Gardien;Mohamed Bassam;Cleopatra FC;€500k
Égypte;G;Gardien;Mohamed Awad;Zamalek SC;€500k
Égypte;G;Gardien;Ali Lotfi;Zed FC;€250k
Égypte;G;Gardien;Abdelaziz El Balouti;Bank El Ahly;€150k
Égypte;G;Défenseur central;Mohamed Abdelmonem;OGC Nice;€4.00m
Égypte;G;Défenseur central;Ramy Rabia;Al-Ain FC;€800k
Égypte;G;Défenseur central;Yasser Ibrahim;Al Ahly FC;€600k
Égypte;G;Défenseur central;Mahmoud El Wensh;Zamalek SC;€500k
Égypte;G;Défenseur central;Ragab Nabil;Cleopatra FC;€350k
Égypte;G;Défenseur central;Hossam Abdelmaguid;Zamalek SC;€350k
Égypte;G;Défenseur central;Khaled Sobhi;El Masry SC;€250k
Égypte;G;Défenseur central;Mohamed Ismail;Zamalek SC;€250k
Égypte;G;Défenseur central;Yassin Marei;Al Ahly FC;€150k
Égypte;G;Défenseur central;Amr El Gazar;Al Ahly FC;€150k
Égypte;G;Défenseur central;Mohamed Rabia;Zed FC;€100k
Égypte;G;Défenseur central;Hady Reyad;Al Ahly FC;-
Égypte;G;Arrière gauche;Mohamed Hamdi;Pyramids FC;€1.20m
Égypte;G;Arrière gauche;Karim Fouad;Al Ahly FC;€600k
Égypte;G;Arrière gauche;Ahmed Fatouh;Zamalek SC;€600k
Égypte;G;Arrière gauche;Yehia Zakaria;Ghazl El Mahalla;€100k
Égypte;G;Arrière droit;Mohamed Hany;Al Ahly FC;€1.50m
Égypte;G;Arrière droit;Karim El Eraki;El Masry SC;€450k
Égypte;G;Arrière droit;Ahmed Hany;Cleopatra FC;€300k
Égypte;G;Arrière droit;Ahmed Eid;Al Ahly FC;€250k
Égypte;G;Milieu défensif;Mohamed Elneny;Al-Jazira Club;€3.20m
Égypte;G;Milieu défensif;Hamdy Fathy;Al-Wakrah SC;€2.20m
Égypte;G;Milieu défensif;Marwan Ateya;Al Ahly FC;€2.20m
Égypte;G;Milieu défensif;Mohanad Lasheen;Pyramids FC;€1.30m
Égypte;G;Milieu défensif;Nabil Dunga;Al-Najma SC;€1.20m
Égypte;G;Milieu défensif;Ahmed Kouka;Al Ahly FC;€800k
Égypte;G;Milieu défensif;Ghanam Mohamed;Modern Sport Club;€600k
Égypte;G;Milieu central;Emam Ashour;Al Ahly FC;€3.00m
Égypte;G;Milieu central;Akram Tawfik;Al-Shamal SC;€1.00m
Égypte;G;Milieu central;Amr El Solia;Cleopatra FC;€500k
Égypte;G;Milieu central;Mohamed Shehata;Zamalek SC;€400k
Égypte;G;Milieu central;Mahmoud Saber;Zed FC;€400k
Égypte;G;Milieu offensif;Afsha;Ittihad Alexandria SC;€1.20m
Égypte;G;Ailier gauche;Trezeguet;Al Ahly FC;€7.50m
Égypte;G;Ailier gauche;Ibrahim Adel;FC Nordsjaelland;€2.00m
Égypte;G;Ailier droit;Mohamed Salah;Liverpool FC;€55.00m
Égypte;G;Ailier droit;Zizo;Al Ahly FC;€4.00m
Égypte;G;Ailier droit;Mostafa Fathi;Pyramids FC;€1.50m
Égypte;G;Ailier droit;Mido Gaber;El Masry SC;€400k
Égypte;G;Ailier droit;Taher Mohamed;Al Ahly FC;€350k
Égypte;G;Ailier droit;Islam Issa;Cleopatra FC;€350k
Égypte;G;Ailier droit;Mostafa Saad;Zed FC;€300k
Égypte;G;Ailier droit;Zalaka;Pyramids FC;€200k
Égypte;G;Ailier droit;Mohamed Mosaad;Modern Sport Club;€100k
Égypte;G;Avant-centre;Omar Marmoush;Manchester City;€60.00m
Égypte;G;Avant-centre;Mostafa Mohamed;FC Nantes;€6.00m
Égypte;G;Avant-centre;Mohamed Sherif;Al Ahly FC;€1.00m
Égypte;G;Avant-centre;Hossam Hassan;Modern Sport Club;€600k
Égypte;G;Avant-centre;Osama Faisal;Bank El Ahly;€400k
Égypte;G;Avant-centre;Marwan Hamdi;Pyramids FC;€350k
Égypte;G;Avant-centre;Salah Mohsen;El Masry SC;€150k
Égypte;G;Avant-centre;Marwan Otaka;Al Ahly FC;€150k
RI Iran;G;Gardien;Mike Maignan;AC Milan;€35.00m
RI Iran;G;Gardien;Lucas Chevalier;Paris Saint-Germain;€30.00m
RI Iran;G;Gardien;Brice Samba;Stade Rennais FC;€15.00m
RI Iran;G;Défenseur central;William Saliba;Arsenal FC;€80.00m
RI Iran;G;Défenseur central;Dayot Upamecano;Bayern Munich;€50.00m
RI Iran;G;Défenseur central;Ibrahima Konaté;Liverpool FC;€50.00m
RI Iran;G;Défenseur central;Benjamin Pavard;Olympique Marseille;€40.00m
RI Iran;G;Défenseur central;Pierre Kalulu;Juventus FC;€26.00m
RI Iran;G;Défenseur central;Loïc Badé;Bayer 04 Leverkusen;€25.00m
RI Iran;G;Défenseur central;Clément Lenglet;Atlético de Madrid;€7.50m
RI Iran;G;Arrière gauche;Theo Hernández;Al-Hilal SFC;€50.00m
RI Iran;G;Arrière gauche;Lucas Hernández;Paris Saint-Germain;€32.00m
RI Iran;G;Arrière gauche;Lucas Digne;Aston Villa;€12.00m
RI Iran;G;Arrière droit;Jules Koundé;FC Barcelona;€60.00m
RI Iran;G;Arrière droit;Malo Gusto;Chelsea FC;€35.00m
RI Iran;G;Arrière droit;Jonathan Clauss;OGC Nice;€6.00m
RI Iran;G;Milieu défensif;Aurélien Tchouaméni;Real Madrid;€80.00m
RI Iran;G;Milieu défensif;N'Golo Kanté;Fenerbahce;€7.00m
RI Iran;G;Milieu central;Eduardo Camavinga;Real Madrid;€80.00m
RI Iran;G;Milieu central;Warren Zaïre-Emery;Paris Saint-Germain;€60.00m
RI Iran;G;Milieu central;Khéphren Thuram;Juventus FC;€35.00m
RI Iran;G;Milieu central;Mattéo Guendouzi;Fenerbahce;€32.00m
RI Iran;G;Milieu central;Manu Koné;AS Roma;€26.00m
RI Iran;G;Milieu central;Adrien Rabiot;AC Milan;€25.00m
RI Iran;G;Milieu offensif;Rayan Cherki;Manchester City;€30.00m
RI Iran;G;Ailier gauche;Bradley Barcola;Paris Saint-Germain;€65.00m
RI Iran;G;Ailier gauche;Kingsley Coman;Al-Nassr FC;€35.00m
RI Iran;G;Ailier droit;Michael Olise;Bayern Munich;€65.00m
RI Iran;G;Ailier droit;Désiré Doué;Paris Saint-Germain;€40.00m
RI Iran;G;Ailier droit;Maghnes Akliouche;AS Monaco;€40.00m
RI Iran;G;Ailier droit;Florian Thauvin;RC Lens;€5.00m
RI Iran;G;Avant-centre;Kylian Mbappé;Real Madrid;€160.00m
RI Iran;G;Avant-centre;Marcus Thuram;Inter Milan;€75.00m
RI Iran;G;Avant-centre;Ousmane Dembélé;Paris Saint-Germain;€55.00m
RI Iran;G;Avant-centre;Christopher Nkunku;AC Milan;€50.00m
RI Iran;G;Avant-centre;Hugo Ekitiké;Liverpool FC;€40.00m
RI Iran;G;Avant-centre;Randal Kolo Muani;Tottenham Hotspur;€30.00m
RI Iran;G;Avant-centre;Jean-Philippe Mateta;Crystal Palace;€20.00m
Nouvelle-Zélande;G;Gardien;Oliver Sail;Auckland FC;€500k
Nouvelle-Zélande;G;Gardien;Alex Paulsen;Lechia Gdansk;€450k
Nouvelle-Zélande;G;Gardien;Max Crocombe;Millwall FC;€225k
Nouvelle-Zélande;G;Gardien;Kees Sims;GAIS;€200k
Nouvelle-Zélande;G;Gardien;Nik Tzanev;Huddersfield Town;€125k
Nouvelle-Zélande;G;Gardien;Henry Gray;Ipswich Town U21;€100k
Nouvelle-Zélande;G;Défenseur central;Tyler Bindon;Sheffield United;€1.00m
Nouvelle-Zélande;G;Défenseur central;Bill Tuiloma;Wellington Phoenix;€500k
Nouvelle-Zélande;G;Défenseur central;Finn Surman;Portland Timbers;€500k
Nouvelle-Zélande;G;Défenseur central;Michael Boxall;Minnesota United FC;€200k
Nouvelle-Zélande;G;Défenseur central;Nando Pijnaker;Auckland FC;€150k
Nouvelle-Zélande;G;Défenseur central;George Stanger;Kilmarnock FC;€125k
Nouvelle-Zélande;G;Défenseur central;Tommy Smith;Braintree Town;€100k
Nouvelle-Zélande;G;Arrière gauche;Liberato Cacace;Wrexham AFC;€2.00m
Nouvelle-Zélande;G;Arrière gauche;Ben Old;AS Saint-Étienne;€800k
Nouvelle-Zélande;G;Arrière gauche;Francis de Vries;Auckland FC;€375k
Nouvelle-Zélande;G;Arrière gauche;James McGarry;Brisbane Roar;€300k
Nouvelle-Zélande;G;Arrière gauche;Lukas Kelly-Heald;Wellington Phoenix;€275k
Nouvelle-Zélande;G;Arrière droit;Tim Payne;Wellington Phoenix;€450k
Nouvelle-Zélande;G;Arrière droit;Storm Roux;Central Coast Mariners;€350k
Nouvelle-Zélande;G;Arrière droit;Callan Elliot;Auckland FC;€300k
Nouvelle-Zélande;G;Milieu défensif;Joe Bell;Viking FK;€1.70m
Nouvelle-Zélande;G;Milieu défensif;Alex Rufer;Wellington Phoenix;€600k
Nouvelle-Zélande;G;Milieu défensif;Ryan Thomas;PEC Zwolle;€600k
Nouvelle-Zélande;G;Milieu central;Marko Stamenić;Swansea City;€4.50m
Nouvelle-Zélande;G;Milieu central;Matthew Garbett;Peterborough United;€550k
Nouvelle-Zélande;G;Milieu central;Owen Parker-Price;Örgryte IS;-
Nouvelle-Zélande;G;Milieu offensif;Callum McCowatt;Silkeborg IF;€800k
Nouvelle-Zélande;G;Milieu offensif;Andre de Jong;Orlando Pirates;€650k
Nouvelle-Zélande;G;Milieu offensif;Sarpreet Singh;Wellington Phoenix;€300k
Nouvelle-Zélande;G;Milieu offensif;Luke Brooke-Smith;Wellington Phoenix;€50k
Nouvelle-Zélande;G;Ailier gauche;Jesse Randall;Auckland FC;€250k
Nouvelle-Zélande;G;Ailier droit;Elijah Just;Motherwell FC;€300k
Nouvelle-Zélande;G;Ailier droit;Logan Rogerson;Auckland FC;€200k
Nouvelle-Zélande;G;Avant-centre;Chris Wood;Nottingham Forest;€7.00m
Nouvelle-Zélande;G;Avant-centre;Ben Waine;Port Vale FC;€600k
Nouvelle-Zélande;G;Avant-centre;Kosta Barbarouses;Western Sydney Wanderers;€400k
Espagne;H;Gardien;David Raya;Arsenal FC;€40.00m
Espagne;H;Gardien;Unai Simón;Athletic Bilbao;€28.00m
Espagne;H;Gardien;Álex Remiro;Real Sociedad;€25.00m
Espagne;H;Défenseur central;Pau Cubarsí;FC Barcelona;€70.00m
Espagne;H;Défenseur central;Robin Le Normand;Atlético de Madrid;€40.00m
Espagne;H;Défenseur central;Dani Vivian;Athletic Bilbao;€40.00m
Espagne;H;Défenseur central;Dean Huijsen;Real Madrid;€18.00m
Espagne;H;Défenseur central;Aymeric Laporte;Athletic Bilbao;€18.00m
Espagne;H;Défenseur central;Raúl Asencio;Real Madrid;€7.50m
Espagne;H;Arrière gauche;Alejandro Grimaldo;Bayer 04 Leverkusen;€40.00m
Espagne;H;Arrière gauche;Marc Cucurella;Chelsea FC;€30.00m
Espagne;H;Arrière droit;Pedro Porro;Tottenham Hotspur;€45.00m
Espagne;H;Arrière droit;Marcos Llorente;Atlético de Madrid;€28.00m
Espagne;H;Arrière droit;Óscar Mingueza;Celta de Vigo;€20.00m
Espagne;H;Arrière droit;Daniel Carvajal;Real Madrid;€10.00m
Espagne;H;Milieu défensif;Rodri;Manchester City;€130.00m
Espagne;H;Milieu défensif;Martín Zubimendi;Arsenal FC;€60.00m
Espagne;H;Milieu central;Pedri;FC Barcelona;€100.00m
Espagne;H;Milieu central;Gavi;FC Barcelona;€80.00m
Espagne;H;Milieu central;Pablo Barrios;Atlético de Madrid;€50.00m
Espagne;H;Milieu central;Mikel Merino;Arsenal FC;€45.00m
Espagne;H;Milieu central;Fabián Ruiz;Paris Saint-Germain;€35.00m
Espagne;H;Milieu central;Aleix García;Bayer 04 Leverkusen;€20.00m
Espagne;H;Milieu central;Pablo Fornals;Real Betis Balompié;€9.00m
Espagne;H;Milieu offensif;Dani Olmo;FC Barcelona;€60.00m
Espagne;H;Milieu offensif;Fermín López;FC Barcelona;€50.00m
Espagne;H;Milieu offensif;Isco;Real Betis Balompié;€6.00m
Espagne;H;Ailier gauche;Nico Williams;Athletic Bilbao;€70.00m
Espagne;H;Ailier gauche;Álex Baena;Atlético de Madrid;€50.00m
Espagne;H;Ailier gauche;Jesús Rodríguez;Como 1907;€1.00m
Espagne;H;Ailier droit;Lamine Yamal;FC Barcelona;€180.00m
Espagne;H;Ailier droit;Yéremy Pino;Crystal Palace;€30.00m
Espagne;H;Ailier droit;Jorge de Frutos;Rayo Vallecano;€4.00m
Espagne;H;Avant-centre;Samu Aghehowa;FC Porto;€50.00m
Espagne;H;Avant-centre;Mikel Oyarzabal;Real Sociedad;€35.00m
Espagne;H;Avant-centre;Ferran Torres;FC Barcelona;€28.00m
Espagne;H;Avant-centre;Álvaro Morata;Como 1907;€13.00m
Espagne;H;Avant-centre;Ayoze Pérez;Villarreal CF;€10.00m
Espagne;H;Avant-centre;Borja Iglesias;Celta de Vigo;€4.00m
Cap-Vert;H;Gardien;Bruno Varela;Al-Hazem SC;€4.00m
Cap-Vert;H;Gardien;Márcio Rosa;Montana;€100k
Cap-Vert;H;Gardien;Vozinha;GD Chaves;€50k
Cap-Vert;H;Gardien;Henrique Tavares;FC Rousset SVO;-
Cap-Vert;H;Défenseur central;Logan Costa;Villarreal CF;€15.00m
Cap-Vert;H;Défenseur central;Diney Borges;Al-Bataeh CSC;€1.00m
Cap-Vert;H;Défenseur central;Ricardo Santos;Swansea City;€600k
Cap-Vert;H;Défenseur central;Yuran Fernandes;PSM Makassar;€400k
Cap-Vert;H;Défenseur central;Kelvin Pires;SJK Seinäjoki;€300k
Cap-Vert;H;Défenseur central;Roberto Lopes;Shamrock Rovers;€250k
Cap-Vert;H;Défenseur central;Kristopher Da Graca;Krasava ENY;€200k
Cap-Vert;H;Défenseur central;Stopira;SC União Torreense;€50k
Cap-Vert;H;Défenseur central;Bruno Almeida;Atlético CP;-
Cap-Vert;H;Défenseur central;David Moreira;Sporting CP B;-
Cap-Vert;H;Arrière gauche;Jordan Semedo;Slavia Sofia;€600k
Cap-Vert;H;Arrière gauche;Sidny Lopes Cabral;SL Benfica;€325k
Cap-Vert;H;Arrière droit;Wagner Pina;Trabzonspor;€3.00m
Cap-Vert;H;Arrière droit;Steven Moreira;Columbus Crew;€1.80m
Cap-Vert;H;Arrière droit;Rivaldo;SC Farense U23;€300k
Cap-Vert;H;Arrière droit;Jójó;FC Vizela;€250k
Cap-Vert;H;Milieu défensif;Kevin Lenini;FC Krasnodar;€3.50m
Cap-Vert;H;Milieu défensif;Laros Duarte;Puskás Akadémia FC;€900k
Cap-Vert;H;Milieu défensif;João Paulo;FCSB;€500k
Cap-Vert;H;Milieu défensif;Aílson Tavares;Beitar Jerusalem;€300k
Cap-Vert;H;Milieu défensif;Elson Mendes;FC Sochaux-Montbéliard;€100k
Cap-Vert;H;Milieu central;Jamiro Monteiro;PEC Zwolle;€1.50m
Cap-Vert;H;Milieu central;Deroy Duarte;Ludogorets Razgrad;€1.00m
Cap-Vert;H;Milieu central;Stéphane Cueni;FC Winterthur;€400k
Cap-Vert;H;Milieu central;Yannick Semedo;SC Farense;€400k
Cap-Vert;H;Milieu offensif;David Costa;FC Paços de Ferreira;€800k
Cap-Vert;H;Milieu offensif;David Tavares;Turan-Tovuz IK;€250k
Cap-Vert;H;Ailier gauche;Hélio Varela;Maccabi Tel Aviv;€2.00m
Cap-Vert;H;Ailier gauche;Jovane Cabral;CF Estrela Amadora;€1.50m
Cap-Vert;H;Ailier gauche;Duk;CD Leganés;€1.20m
Cap-Vert;H;Ailier gauche;Willy Semedo;Omonia Nicosia;€1.20m
Cap-Vert;H;Ailier gauche;Ryan Mendes;Igdir FK;€700k
Cap-Vert;H;Ailier gauche;Alessio Da Cruz;Anorthosis Famagusta;€600k
Cap-Vert;H;Ailier gauche;Heri Tavares;Maccabi Netanya;€400k
Cap-Vert;H;Ailier gauche;Rúben Pina;Leixões SC;€300k
Cap-Vert;H;Ailier gauche;Ilano Silva Timas;MVV Maastricht;€300k
Cap-Vert;H;Ailier droit;Garry Rodrigues;Apollon Limassol;€900k
Cap-Vert;H;Ailier droit;Telmo Arcanjo;Vitória Guimarães SC;€800k
Cap-Vert;H;Ailier droit;Fabrício Garcia;FC Alverca;€600k
Cap-Vert;H;Ailier droit;Alvin Fortes;Selangor FC;€400k
Cap-Vert;H;Avant-centre;Dailon Livramento;Casa Pia AC;€800k
Cap-Vert;H;Avant-centre;Benchimol;Akron Tolyatti;€700k
Cap-Vert;H;Avant-centre;Nuno Da Costa;Basaksehir FK;€650k
Arabie saoudite;H;Gardien;Nawaf Al-Aqidi;Al-Nassr FC;€550k
Arabie saoudite;H;Gardien;Mohammed Al-Yami;Al-Hilal SFC;€450k
Arabie saoudite;H;Gardien;Ahmed Al-Kassar;Al-Qadsiah FC;€250k
Arabie saoudite;H;Gardien;Abdulrahman Al-Sanbi;Al-Ahli SFC;€200k
Arabie saoudite;H;Gardien;Raghed Al-Najjar;Al-Nassr FC;€175k
Arabie saoudite;H;Gardien;Hamed Al-Shanqity;Al-Ittihad Club;€150k
Arabie saoudite;H;Gardien;Osama Al-Mermesh;Al-Ittihad Club;€50k
Arabie saoudite;H;Défenseur central;Hassan Tambakti;Al-Hilal SFC;€1.70m
Arabie saoudite;H;Défenseur central;Abdulelah Al-Amri;Al-Nassr FC;€1.20m
Arabie saoudite;H;Défenseur central;Ali Lajami;Al-Hilal SFC;€750k
Arabie saoudite;H;Défenseur central;Saad Al-Mousa;Al-Ittihad Club;€700k
Arabie saoudite;H;Défenseur central;Abdullah Madu;Al-Ettifaq FC;€600k
Arabie saoudite;H;Défenseur central;Jehad Thakri;Al-Qadsiah FC;€450k
Arabie saoudite;H;Défenseur central;Waleed Al-Ahmad;Al-Qadsiah FC;€400k
Arabie saoudite;H;Défenseur central;Mohammed Sulaiman;Al-Ahli SFC;€50k
Arabie saoudite;H;Arrière gauche;Ayman Yahya;Al-Nassr FC;€1.00m
Arabie saoudite;H;Arrière gauche;Yasser Al-Shahrani;Al-Qadsiah FC;€900k
Arabie saoudite;H;Arrière gauche;Moteb Al-Harbi;Al-Hilal SFC;€800k
Arabie saoudite;H;Arrière gauche;Saad Al-Nasser;Al-Nassr FC;€500k
Arabie saoudite;H;Arrière gauche;Salem Al-Najdi;Al-Nassr FC;€500k
Arabie saoudite;H;Arrière gauche;Hassan Kadesh;Al-Ittihad Club;€375k
Arabie saoudite;H;Arrière droit;Saud Abdulhamid;RC Lens;€4.00m
Arabie saoudite;H;Arrière droit;Muhannad Shanqeeti;Al-Ittihad Club;€700k
Arabie saoudite;H;Arrière droit;Ali Majrashi;Al-Ahli SFC;€550k
Arabie saoudite;H;Arrière droit;Nawaf Boushal;Al-Nassr FC;€550k
Arabie saoudite;H;Arrière droit;Mohammed Abu Al-Shamat;Al-Qadsiah FC;€550k
Arabie saoudite;H;Milieu défensif;Abdullah Al-Khaibari;Al-Nassr FC;€900k
Arabie saoudite;H;Milieu défensif;Ziyad Al-Johani;Al-Ahli SFC;€550k
Arabie saoudite;H;Milieu défensif;Mukhtar Ali;Al-Ettifaq FC;€450k
Arabie saoudite;H;Milieu défensif;Ali Al-Asmari;Al-Shabab FC;€400k
Arabie saoudite;H;Milieu défensif;Ali Al-Hassan;Al-Nassr FC;€350k
Arabie saoudite;H;Milieu central;Faisal Al-Ghamdi;Al-Ittihad Club;€2.00m
Arabie saoudite;H;Milieu central;Musab Al-Juwayr;Al-Qadsiah FC;€2.00m
Arabie saoudite;H;Milieu central;Mohamed Kanno;Al-Hilal SFC;€900k
Arabie saoudite;H;Milieu central;Nasser Al-Dawsari;Al-Hilal SFC;€700k
Arabie saoudite;H;Milieu central;Murad Al-Hawsawi;Al-Hilal SFC;€175k
Arabie saoudite;H;Ailier gauche;Salem Al-Dawsari;Al-Hilal SFC;€1.80m
Arabie saoudite;H;Ailier gauche;Marwan Al-Sahafi;Royal Antwerp FC;€1.20m
Arabie saoudite;H;Ailier gauche;Ahmed Al-Ghamdi;Al-Ittihad Club;€600k
Arabie saoudite;H;Ailier gauche;Turki Al-Ammar;Al-Qadsiah FC;€550k
Arabie saoudite;H;Ailier gauche;Saleh Abu Al-Shamat;Al-Ahli SFC;€150k
Arabie saoudite;H;Ailier droit;Abdulrahman Al-Oboud;Al-Ittihad Club;€700k
Arabie saoudite;H;Ailier droit;Sultan Mandash;Al-Hilal SFC;€400k
Arabie saoudite;H;Ailier droit;Hammam Al-Hammami;Al-Shabab FC;€175k
Arabie saoudite;H;Ailier droit;Muhanad Al-Saad;NEOM SC;€175k
Arabie saoudite;H;Avant-centre;Firas Al-Buraikan;Al-Ahli SFC;€5.00m
Arabie saoudite;H;Avant-centre;Saleh Al-Shehri;Al-Ittihad Club;€650k
Arabie saoudite;H;Avant-centre;Abdullah Al-Salem;Al-Qadsiah FC;€250k
Arabie saoudite;H;Avant-centre;Abdullah Al-Hamdan;Al-Nassr FC;€225k
Uruguay;H;Gardien;Franco Israel;Torino FC;€7.00m
Uruguay;H;Gardien;Sergio Rochet;Sport Club Internacional;€4.00m
Uruguay;H;Gardien;Santiago Mele;CF Monterrey;€2.50m
Uruguay;H;Gardien;Cristopher Fiermarín;Defensa y Justicia;€1.50m
Uruguay;H;Gardien;Kevin Martínez;Danubio FC;-
Uruguay;H;Gardien;Paulo Da Costa;CA Peñarol Youth;-
Uruguay;H;Défenseur central;Ronald Araujo;FC Barcelona;€55.00m
Uruguay;H;Défenseur central;José María Giménez;Atlético de Madrid;€20.00m
Uruguay;H;Défenseur central;Santiago Bueno;Wolverhampton Wanderers;€8.00m
Uruguay;H;Défenseur central;Sebastián Cáceres;CF América;€6.50m
Uruguay;H;Défenseur central;Nicolás Marichal;Dynamo Moscow;€3.50m
Uruguay;H;Défenseur central;Brian Barboza;CA Peñarol;-
Uruguay;H;Arrière gauche;Mathías Olivera;SSC Napoli;€18.00m
Uruguay;H;Arrière gauche;Maxi Araújo;Sporting CP;€14.00m
Uruguay;H;Arrière gauche;Joaquín Piquerez;Sociedade Esportiva Palmeiras;€12.00m
Uruguay;H;Arrière gauche;Matías Viña;CA River Plate;€10.00m
Uruguay;H;Arrière gauche;Juan Manuel Sanabria;Real Salt Lake City;€8.00m
Uruguay;H;Arrière gauche;Marcelo Saracchi;Celtic FC;€1.80m
Uruguay;H;Arrière droit;José Luis Rodríguez;Clube de Regatas Vasco da Gama;€2.00m
Uruguay;H;Arrière droit;Santiago Mouriño;Villarreal CF;€2.00m
Uruguay;H;Arrière droit;Guillermo Varela;CR Flamengo;€1.50m
Uruguay;H;Arrière droit;Kevin Amaro;Liverpool FC Montevideo;€800k
Uruguay;H;Milieu défensif;Manuel Ugarte;Manchester United;€50.00m
Uruguay;H;Milieu défensif;Rodrigo Bentancur;Tottenham Hotspur;€35.00m
Uruguay;H;Milieu défensif;Lucas Torreira;Galatasaray;€15.00m
Uruguay;H;Milieu défensif;Emiliano Martínez;Sociedade Esportiva Palmeiras;€4.50m
Uruguay;H;Milieu défensif;Nicolás Fonseca;Real Oviedo;€2.70m
Uruguay;H;Milieu défensif;Santiago Homenchenko;Querétaro FC;€500k
Uruguay;H;Milieu défensif;Julio Daguer;CA Peñarol U19;-
Uruguay;H;Milieu défensif;Pablo Alcoba;Albion FC;-
Uruguay;H;Milieu central;Federico Valverde;Real Madrid;€130.00m
Uruguay;H;Milieu central;Nicolás de la Cruz;CR Flamengo;€18.00m
Uruguay;H;Milieu central;Nahitan Nández;Al-Qadsiah FC;€4.50m
Uruguay;H;Milieu offensif;Rodrigo Zalazar;SC Braga;€16.00m
Uruguay;H;Milieu offensif;Giorgian de Arrascaeta;CR Flamengo;€14.00m
Uruguay;H;Ailier gauche;Brian Rodríguez;CF América;€6.00m
Uruguay;H;Ailier gauche;Facundo Martínez;Montevideo City Torque U19;-
Uruguay;H;Ailier droit;Facundo Torres;Austin FC;€14.00m
Uruguay;H;Ailier droit;Facundo Pellistri;Panathinaikos;€10.00m
Uruguay;H;Ailier droit;Cristian Olivera;Esporte Clube Bahia;€6.00m
Uruguay;H;Ailier droit;Ignacio Laquintana;SD Huesca;€800k
Uruguay;H;Avant-centre;Darwin Núñez;Al-Hilal SFC;€65.00m
Uruguay;H;Avant-centre;Luciano Rodríguez;NEOM SC;€7.50m
Uruguay;H;Avant-centre;Agustín Álvarez;AC Monza;€4.00m
Uruguay;H;Avant-centre;Federico Viñas;Real Oviedo;€4.00m
Uruguay;H;Avant-centre;Rodrigo Aguirre;Tigres UANL;€3.00m
Uruguay;H;Avant-centre;Luciano González;Defensa y Justicia;-
Uruguay;H;Avant-centre;Nicolas Azambuja;Danubio FC;-
France;I;Gardien;Mike Maignan;AC Milan;€35.00m
France;I;Gardien;Lucas Chevalier;Paris Saint-Germain;€30.00m
France;I;Gardien;Brice Samba;Stade Rennais FC;€15.00m
France;I;Défenseur central;William Saliba;Arsenal FC;€80.00m
France;I;Défenseur central;Dayot Upamecano;Bayern Munich;€50.00m
France;I;Défenseur central;Ibrahima Konaté;Liverpool FC;€50.00m
France;I;Défenseur central;Benjamin Pavard;Olympique Marseille;€40.00m
France;I;Défenseur central;Pierre Kalulu;Juventus FC;€26.00m
France;I;Défenseur central;Loïc Badé;Bayer 04 Leverkusen;€25.00m
France;I;Défenseur central;Clément Lenglet;Atlético de Madrid;€7.50m
France;I;Arrière gauche;Theo Hernández;Al-Hilal SFC;€50.00m
France;I;Arrière gauche;Lucas Hernández;Paris Saint-Germain;€32.00m
France;I;Arrière gauche;Lucas Digne;Aston Villa;€12.00m
France;I;Arrière droit;Jules Koundé;FC Barcelona;€60.00m
France;I;Arrière droit;Malo Gusto;Chelsea FC;€35.00m
France;I;Arrière droit;Jonathan Clauss;OGC Nice;€6.00m
France;I;Milieu défensif;Aurélien Tchouaméni;Real Madrid;€80.00m
France;I;Milieu défensif;N'Golo Kanté;Fenerbahce;€7.00m
France;I;Milieu central;Eduardo Camavinga;Real Madrid;€80.00m
France;I;Milieu central;Warren Zaïre-Emery;Paris Saint-Germain;€60.00m
France;I;Milieu central;Khéphren Thuram;Juventus FC;€35.00m
France;I;Milieu central;Mattéo Guendouzi;Fenerbahce;€32.00m
France;I;Milieu central;Manu Koné;AS Roma;€26.00m
France;I;Milieu central;Adrien Rabiot;AC Milan;€25.00m
France;I;Milieu offensif;Rayan Cherki;Manchester City;€30.00m
France;I;Ailier gauche;Bradley Barcola;Paris Saint-Germain;€65.00m
France;I;Ailier gauche;Kingsley Coman;Al-Nassr FC;€35.00m
France;I;Ailier droit;Michael Olise;Bayern Munich;€65.00m
France;I;Ailier droit;Désiré Doué;Paris Saint-Germain;€40.00m
France;I;Ailier droit;Maghnes Akliouche;AS Monaco;€40.00m
France;I;Ailier droit;Florian Thauvin;RC Lens;€5.00m
France;I;Avant-centre;Kylian Mbappé;Real Madrid;€160.00m
France;I;Avant-centre;Marcus Thuram;Inter Milan;€75.00m
France;I;Avant-centre;Ousmane Dembélé;Paris Saint-Germain;€55.00m
France;I;Avant-centre;Christopher Nkunku;AC Milan;€50.00m
France;I;Avant-centre;Hugo Ekitiké;Liverpool FC;€40.00m
France;I;Avant-centre;Randal Kolo Muani;Tottenham Hotspur;€30.00m
France;I;Avant-centre;Jean-Philippe Mateta;Crystal Palace;€20.00m
Sénégal;I;Gardien;Yehvann Diouf;OGC Nice;€9.00m
Sénégal;I;Gardien;Edouard Mendy;Al-Ahli SFC;€6.00m
Sénégal;I;Gardien;Mory Diaw;Le Havre AC;€1.00m
Sénégal;I;Gardien;Cheikh Ndoye;AS Cambérène;-
Sénégal;I;Gardien;Marc Diouf;TP Mazembe;-
Sénégal;I;Gardien;Samba Mballo;Union Sportive Goréenne;-
Sénégal;I;Défenseur central;Moussa Niakhaté;Olympique Lyon;€15.00m
Sénégal;I;Défenseur central;Mamadou Sarr;Chelsea FC;€8.00m
Sénégal;I;Défenseur central;Kalidou Koulibaly;Al-Hilal SFC;€8.00m
Sénégal;I;Défenseur central;Abdou Diallo;Umm Salal SC;€6.00m
Sénégal;I;Défenseur central;Antoine Mendy;OGC Nice;€3.00m
Sénégal;I;Défenseur central;Moustapha Mbow;Paris FC;€1.00m
Sénégal;I;Défenseur central;Abdoulaye Seck;Maccabi Haifa;€700k
Sénégal;I;Défenseur central;Baye Assane Ciss;FC Sheriff Tiraspol;-
Sénégal;I;Défenseur central;Malick Sembène;ASC Jaraaf de Dakar;-
Sénégal;I;Défenseur central;Seyni Mbaye Ndiaye;RC Celta Fortuna;-
Sénégal;I;Arrière gauche;El Hadji Malick Diouf;West Ham United;€16.00m
Sénégal;I;Arrière gauche;Ismail Jakobs;Galatasaray;€8.00m
Sénégal;I;Arrière gauche;Moussa Ndiaye;FC Schalke 04;€3.00m
Sénégal;I;Arrière gauche;Mbaye Ndiaye;ASC Jaraaf de Dakar;-
Sénégal;I;Arrière gauche;Layousse Samb;Stade Lavallois;-
Sénégal;I;Arrière gauche;Daouda Ba;Al-Merrikh SC;-
Sénégal;I;Arrière droit;Ilay Camara;RSC Anderlecht;€3.00m
Sénégal;I;Arrière droit;Amadou Coly;AJEL de Rufisque;-
Sénégal;I;Milieu défensif;Dion Lopy;UD Almería;€6.00m
Sénégal;I;Milieu défensif;Nampalys Mendy;Watford FC;€2.00m
Sénégal;I;Milieu défensif;Idrissa Gueye;Everton FC;€2.00m
Sénégal;I;Milieu défensif;Cheikh Niasse;Hellas Verona;€1.50m
Sénégal;I;Milieu défensif;Mamadou Lamine Camara;Al-Ahli SC;€750k
Sénégal;I;Milieu défensif;Issa Kane;Club Athlétique Bizertin;-
Sénégal;I;Milieu défensif;Bonaventure Fonseca;Club Athlétique Bizertin;-
Sénégal;I;Milieu défensif;Mbaye Ly;Al-Afreeki Sports Club;-
Sénégal;I;Milieu central;Pape Matar Sarr;Tottenham Hotspur;€45.00m
Sénégal;I;Milieu central;Lamine Camara;AS Monaco;€20.00m
Sénégal;I;Milieu central;Habib Diarra;Sunderland AFC;€20.00m
Sénégal;I;Milieu central;Pape Gueye;Villarreal CF;€8.00m
Sénégal;I;Milieu central;Rassoul Ndiaye;Le Havre AC;€2.50m
Sénégal;I;Milieu central;Pathé Ciss;Rayo Vallecano;€2.00m
Sénégal;I;Milieu central;Pape Badji;AS Académie Génération Foot;-
Sénégal;I;Milieu central;Ousseynou Fall Seck;Randers FC;-
Sénégal;I;Milieu central;Moussa Cissé;Génération Foot U20;-
Sénégal;I;Milieu droit;Krépin Diatta;AS Monaco;€10.00m
Sénégal;I;Milieu offensif;Moctar Koïta;Safa Beirut SC;-
Sénégal;I;Milieu offensif;Insa Boye;AF Elbasani;-
Sénégal;I;Milieu offensif;Vieux Cissé;Union Sportive Goréenne;-
Sénégal;I;Milieu offensif;Ameth Niang;ASC Jaraaf de Dakar;-
Sénégal;I;Ailier gauche;Abdallah Sima;RC Lens;€10.00m
Sénégal;I;Ailier gauche;Assane Diao;Como 1907;€9.00m
Sénégal;I;Ailier gauche;Sadio Mané;Al-Nassr FC;€9.00m
Sénégal;I;Ailier gauche;Cheikh Sabaly;Vancouver Whitecaps FC;€3.00m
Sénégal;I;Ailier gauche;Libasse Gueye;Simba SC;-
Sénégal;I;Ailier gauche;Ababacar Sarr;Magusa Türk Gücü;-
Sénégal;I;Ailier droit;Ismaïla Sarr;Crystal Palace;€20.00m
Sénégal;I;Ailier droit;Iliman Ndiaye;Everton FC;€18.00m
Sénégal;I;Ailier droit;Ibrahim Mbaye;Paris Saint-Germain;€2.00m
Sénégal;I;Ailier droit;Oumar Ba;Union Sportive Goréenne;-
Sénégal;I;Avant-centre;Nicolas Jackson;Bayern Munich;€55.00m
Sénégal;I;Avant-centre;Boulaye Dia;SS Lazio;€15.00m
Sénégal;I;Avant-centre;Habib Diallo;FC Metz;€8.00m
Sénégal;I;Avant-centre;Cherif Ndiaye;Samsunspor;€4.00m
Sénégal;I;Avant-centre;Idrissa Gueye;Udinese Calcio;-
Sénégal;I;Avant-centre;Christian Gomis;UD Songo;-
Irak;I;Gardien;Fahad Talib;Al-Talaba SC;€400k
Irak;I;Gardien;Jalal Hassan;Al-Zawraa SC;€350k
Irak;I;Gardien;Ahmed Basil Fadhil;Al-Shorta SC;€300k
Irak;I;Gardien;Ali Kadhim;Zakho SC;€200k
Irak;I;Gardien;Kumel Al-Rekabe;Erbil SC;€150k
Irak;I;Défenseur central;Zaid Tahseen;Pakhtakor Tashkent;€450k
Irak;I;Défenseur central;Maytham Jabbar;Al-Zawraa SC;€400k
Irak;I;Défenseur central;Manaf Younis;Al-Shorta SC;€400k
Irak;I;Défenseur central;Frans Putros;PERSIB Bandung;€400k
Irak;I;Défenseur central;Ali Faez;Al-Najaf FC;€300k
Irak;I;Défenseur central;Akam Hashem;Al-Zawraa SC;€250k
Irak;I;Défenseur central;Saad Natiq;Duhok SC;€200k
Irak;I;Défenseur central;Rebin Sulaka;Port FC;€100k
Irak;I;Arrière gauche;Merchas Doski;FC Viktoria Plzen;€550k
Irak;I;Arrière gauche;Ahmed Yahya;Al-Shorta SC;€350k
Irak;I;Arrière gauche;Ahmed Maknzi;Al-Karma;€250k
Irak;I;Arrière droit;Mustafa Saadoon;Al-Shorta SC;€400k
Irak;I;Arrière droit;Hussein Ali;Pogon Szczecin;€300k
Irak;I;Arrière droit;Charbel Shamoon;Perth Glory;€50k
Irak;I;Arrière droit;Alai Ghasem;Örebro SK;-
Irak;I;Milieu défensif;Amir Al-Ammari;Cracovia;€600k
Irak;I;Milieu défensif;Mohamed Al-Taay;Al-Karma;€300k
Irak;I;Milieu défensif;Osama Rashid;Zakho SC;€175k
Irak;I;Milieu défensif;Zaid Ismail;Al-Talaba SC;€175k
Irak;I;Milieu central;Aimar Sher;Sarpsborg 08 FF;€1.20m
Irak;I;Milieu central;Zidane Iqbal;FC Utrecht U21;€1.00m
Irak;I;Milieu central;Amjad Attwan;Zakho SC;€850k
Irak;I;Milieu central;Kevin Yakob;Aarhus GF;€700k
Irak;I;Milieu central;Sajad Jassim;Al-Karma;€300k
Irak;I;Milieu central;Lucas Shlimon;Egaleo 1931;€275k
Irak;I;Milieu central;Haron Ahmed Zubair;Duhok SC;€275k
Irak;I;Milieu offensif;Ibrahim Bayesh;Al-Dhafra FC;€650k
Irak;I;Milieu offensif;Bashar Resan;Pakhtakor Tashkent;€600k
Irak;I;Milieu offensif;Mohammed Qasim;Al-Zawraa SC;€400k
Irak;I;Milieu offensif;Karar Nabeel;Al-Zawraa SC;€250k
Irak;I;Ailier gauche;Marko Farji;Venezia FC;€800k
Irak;I;Ailier gauche;Hussein Ali;Al-Shorta SC;€600k
Irak;I;Ailier gauche;Youssef Amyn;AEK Larnaca;€500k
Irak;I;Ailier gauche;Ali Jasim;Al-Najma SC;€450k
Irak;I;Ailier gauche;Sherko Karim;Zakho SC;€400k
Irak;I;Ailier droit;Montader Madjed;Hammarby IF;€1.80m
Irak;I;Ailier droit;Hasan Abdulkareem;Al-Zawraa SC;€400k
Irak;I;Ailier droit;Peter Gwargis;Duhok SC;€275k
Irak;I;Avant-centre;Ali Al-Hamadi;Luton Town;€2.50m
Irak;I;Avant-centre;Aymen Hussein;Al-Karma;€650k
Irak;I;Avant-centre;Mohanad Ali;Dibba SCC;€600k
Irak;I;Avant-centre;Ali Yousif;Al-Talaba SC;€250k
Irak;I;Avant-centre;Amar Muhsin;Gimpo FC;€225k
Irak;I;Avant-centre;Mohammed Jawad;Al-Quwa Al-Jawiya;€125k
Norvège;I;Gardien;Sander Tangvik;Hamburger SV;€1.70m
Norvège;I;Gardien;Egil Selvik;Watford FC;€1.70m
Norvège;I;Gardien;Mathias Dyngeland;SK Brann;€1.00m
Norvège;I;Gardien;Ørjan Nyland;Sevilla FC;€1.00m
Norvège;I;Défenseur central;Kristoffer Ajer;Brentford FC;€18.00m
Norvège;I;Défenseur central;Andreas Hanche-Olsen;1.FSV Mainz 05;€7.00m
Norvège;I;Défenseur central;Leo Østigård;Genoa CFC;€7.00m
Norvège;I;Défenseur central;Sondre Langås;Derby County;€2.30m
Norvège;I;Défenseur central;Stian Gregersen;Atlanta United FC;€2.00m
Norvège;I;Défenseur central;Tobias Guddal;Tromsø IL;€2.00m
Norvège;I;Défenseur central;Jostein Gundersen;FK Bodø/Glimt;€1.50m
Norvège;I;Défenseur central;Eivind Helland;Bologna FC 1909;€1.00m
Norvège;I;Défenseur central;Torbjørn Heggem;Bologna FC 1909;€1.00m
Norvège;I;Arrière gauche;David Møller Wolfe;Wolverhampton Wanderers;€4.50m
Norvège;I;Arrière gauche;Fredrik Bjørkan;FK Bodø/Glimt;€2.50m
Norvège;I;Arrière droit;Julian Ryerson;Borussia Dortmund;€20.00m
Norvège;I;Arrière droit;Marcus Pedersen;Torino FC;€4.50m
Norvège;I;Arrière droit;Sebastian Sebulonsen;1.FC Köln;€1.50m
Norvège;I;Milieu défensif;Sander Berge;Fulham FC;€20.00m
Norvège;I;Milieu défensif;Patrick Berg;FK Bodø/Glimt;€5.00m
Norvège;I;Milieu central;Sverre Nypan;Manchester City;€12.00m
Norvège;I;Milieu central;Kristian Thorstvedt;US Sassuolo;€9.00m
Norvège;I;Milieu central;Felix Horn Myhre;SK Brann;€4.00m
Norvège;I;Milieu central;Lasse Berg Johnsen;Sporting Kansas City;€4.00m
Norvège;I;Milieu central;Morten Thorsby;US Cremonese;€3.00m
Norvège;I;Milieu droit;Aron Dønnum;FC Toulouse;€4.00m
Norvège;I;Milieu offensif;Martin Ødegaard;Arsenal FC;€110.00m
Norvège;I;Milieu offensif;Thelo Aasgaard;Rangers FC;€1.00m
Norvège;I;Ailier gauche;Antonio Nusa;RB Leipzig;€28.00m
Norvège;I;Ailier gauche;Andreas Schjelderup;SL Benfica;€10.00m
Norvège;I;Ailier gauche;Jens Petter Hauge;FK Bodø/Glimt;€4.50m
Norvège;I;Ailier gauche;Kristian Arnstad;Aarhus GF;€2.00m
Norvège;I;Ailier droit;Oscar Bobb;Fulham FC;€25.00m
Norvège;I;Avant-centre;Erling Haaland;Manchester City;€200.00m
Norvège;I;Avant-centre;Jørgen Strand Larsen;Crystal Palace;€27.00m
Norvège;I;Avant-centre;Alexander Sørloth;Atlético de Madrid;€25.00m
Norvège;I;Avant-centre;Erik Botheim;Malmö FF;€4.00m
Norvège;I;Avant-centre;Aune Heggebø;West Bromwich Albion;€2.50m
Argentine;J;Gardien;Emiliano Martínez;Aston Villa;€25.00m
Argentine;J;Gardien;Walter Benítez;Crystal Palace;€12.00m
Argentine;J;Gardien;Gerónimo Rulli;Olympique Marseille;€5.00m
Argentine;J;Gardien;Facundo Cambeses;Racing Club;€2.20m
Argentine;J;Gardien;Demian Talavera;CA San Lorenzo de Almagro II;-
Argentine;J;Défenseur central;Cristian Romero;Tottenham Hotspur;€65.00m
Argentine;J;Défenseur central;Facundo Medina;Olympique Marseille;€25.00m
Argentine;J;Défenseur central;Marcos Senesi;AFC Bournemouth;€24.00m
Argentine;J;Défenseur central;Leonardo Balerdi;Olympique Marseille;€20.00m
Argentine;J;Défenseur central;Juan Foyth;Villarreal CF;€7.50m
Argentine;J;Défenseur central;Kevin Mac Allister;Union Saint-Gilloise;€6.00m
Argentine;J;Défenseur central;Kevin Lomónaco;CA Independiente;€4.00m
Argentine;J;Défenseur central;Germán Pezzella;CA River Plate;€2.70m
Argentine;J;Défenseur central;Nicolás Otamendi;SL Benfica;€1.00m
Argentine;J;Défenseur central;Lautaro Rivero;CA River Plate;€150k
Argentine;J;Arrière gauche;Nicolás Tagliafico;Olympique Lyon;€7.00m
Argentine;J;Arrière gauche;Marcos Acuña;CA River Plate;€3.50m
Argentine;J;Arrière droit;Nahuel Molina;Atlético de Madrid;€25.00m
Argentine;J;Arrière droit;Gonzalo Montiel;CA River Plate;€5.00m
Argentine;J;Milieu défensif;Alan Varela;FC Porto;€35.00m
Argentine;J;Milieu défensif;Aníbal Moreno;CA River Plate;€11.00m
Argentine;J;Milieu défensif;Máximo Perrone;Como 1907;€9.00m
Argentine;J;Milieu défensif;Enzo Barrenechea;SL Benfica;€7.50m
Argentine;J;Milieu défensif;Leandro Paredes;CA Boca Juniors;€5.00m
Argentine;J;Milieu central;Alexis Mac Allister;Liverpool FC;€80.00m
Argentine;J;Milieu central;Enzo Fernández;Chelsea FC;€75.00m
Argentine;J;Milieu central;Exequiel Palacios;Bayer 04 Leverkusen;€40.00m
Argentine;J;Milieu central;Rodrigo De Paul;Inter Miami CF;€25.00m
Argentine;J;Milieu central;Valentín Barco;RC Strasbourg Alsace;€6.00m
Argentine;J;Milieu offensif;Giovani Lo Celso;Real Betis Balompié;€20.00m
Argentine;J;Milieu offensif;Nico Paz;Como 1907;€20.00m
Argentine;J;Ailier gauche;Nico González;Atlético de Madrid;€35.00m
Argentine;J;Ailier gauche;Thiago Almada;Atlético de Madrid;€27.00m
Argentine;J;Ailier gauche;Emiliano Buendía;Aston Villa;€18.00m
Argentine;J;Ailier gauche;Benja Domínguez;Bologna FC 1909;€6.00m
Argentine;J;Ailier droit;Lionel Messi;Inter Miami CF;€20.00m
Argentine;J;Ailier droit;Franco Mastantuono;Real Madrid;€15.00m
Argentine;J;Ailier droit;Giuliano Simeone;Atlético de Madrid;€12.00m
Argentine;J;Ailier droit;Gianluca Prestianni;SL Benfica;€10.00m
Argentine;J;Soutien d'attaquant;Ángel Correa;Tigres UANL;€15.00m
Argentine;J;Avant-centre;Lautaro Martínez;Inter Milan;€100.00m
Argentine;J;Avant-centre;Julián Alvarez;Atlético de Madrid;€80.00m
Argentine;J;Avant-centre;Santiago Castro;Bologna FC 1909;€25.00m
Argentine;J;Avant-centre;José Manuel López;Sociedade Esportiva Palmeiras;€9.00m
Argentine;J;Avant-centre;Joaquín Panichelli;RC Strasbourg Alsace;€800k
Algérie;J;Gardien;Anthony Mandréa;SM Caen;€1.50m
Algérie;J;Gardien;Luca Zidane;Granada CF;€1.50m
Algérie;J;Gardien;Alexis Guendouz;MC Algiers;€900k
Algérie;J;Gardien;Oussama Benbout;USM Alger;€700k
Algérie;J;Gardien;Alexandre Oukidja;Without Club;€400k
Algérie;J;Gardien;Farid Chaâl;CR Belouizdad;€375k
Algérie;J;Gardien;Zakaria Bouhalfaya;CS Constantine;€375k
Algérie;J;Gardien;Tarek Bousseder;CR Belouizdad;€175k
Algérie;J;Gardien;Yuba-Rayane Yesli;Olympique Akbou;€150k
Algérie;J;Gardien;Mohamed Idir Hadid;JS Kabylie;€150k
Algérie;J;Gardien;Abderrahmane Medjadel;ASO Chlef;-
Algérie;J;Défenseur central;Ramy Bensebaini;Borussia Dortmund;€7.00m
Algérie;J;Défenseur central;Ahmed Touba;Panathinaikos;€2.20m
Algérie;J;Défenseur central;Aïssa Mandi;LOSC Lille;€1.50m
Algérie;J;Défenseur central;Mohamed Amine Tougai;Esperance Tunis;€1.50m
Algérie;J;Défenseur central;Zineddine Belaid;JS Kabylie;€1.40m
Algérie;J;Défenseur central;Samir Chergui;Paris FC;€800k
Algérie;J;Défenseur central;Abdelkader Bedrane;Damac FC;€550k
Algérie;J;Défenseur central;Ayoub Ghezala;MC Algiers;€500k
Algérie;J;Défenseur central;Adem Alilet;Al-Ittihad SC;€450k
Algérie;J;Défenseur central;Mohamed Amine Madani;JS Kabylie;€350k
Algérie;J;Défenseur central;Sohaib Naïr;EA Guingamp;€300k
Algérie;J;Défenseur central;Achref Abada;USM Alger;€300k
Algérie;J;Défenseur central;Reda Benchaa;JS Kabylie;-
Algérie;J;Défenseur central;Elias Benkara;Borussia Dortmund II;-
Algérie;J;Défenseur central;Abderrahmane Bekkour;CR Belouizdad;-
Algérie;J;Arrière gauche;Rayan Aït-Nouri;Manchester City;€35.00m
Algérie;J;Arrière gauche;Jaouen Hadjam;BSC Young Boys;€4.00m
Algérie;J;Arrière gauche;Mehdi Dorval;SSC Bari;€2.50m
Algérie;J;Arrière gauche;Naoufel Khacef;CR Belouizdad;€400k
Algérie;J;Arrière gauche;Ilyes Chetti;USM Alger;€325k
Algérie;J;Arrière gauche;Houari Baouche;CS Constantine;€300k
Algérie;J;Arrière droit;Youcef Atal;Al-Sadd SC;€4.00m
Algérie;J;Arrière droit;Kevin Van Den Kerkhof;Royal Charleroi SC;€2.00m
Algérie;J;Arrière droit;Rafik Belghali;Hellas Verona;€800k
Algérie;J;Arrière droit;Mohamed Réda Halaïmia;MC Algiers;€650k
Algérie;J;Arrière droit;Saâdi Radouani;USM Alger;€600k
Algérie;J;Arrière droit;Fares Nechat;JS Kabylie;€325k
Algérie;J;Milieu défensif;Ismaël Bennacer;GNK Dinamo Zagreb;€14.00m
Algérie;J;Milieu défensif;Nabil Bentaleb;LOSC Lille;€8.00m
Algérie;J;Milieu défensif;Ramiz Zerrouki;FC Twente Enschede;€6.50m
Algérie;J;Milieu défensif;Victor Lekhal;Al-Riyadh SC;€1.70m
Algérie;J;Milieu défensif;Zakaria Draoui;USM Alger;€900k
Algérie;J;Milieu défensif;Houssem Mrezigue;Dinamo Makhachkala;€900k
Algérie;J;Milieu défensif;Messala Merbah;CS Constantine;€375k
Algérie;J;Milieu central;Hicham Boudaoui;OGC Nice;€10.00m
Algérie;J;Milieu central;Adem Zorgane;Union Saint-Gilloise;€5.00m
Algérie;J;Milieu central;Ahmed Kendouci;FC Lugano;€2.00m
Algérie;J;Milieu central;Yassine Titraoui;Royal Charleroi SC;€2.00m
Algérie;J;Milieu central;Sofiane Bendebka;Al-Fateh SC;€1.00m
Algérie;J;Milieu central;Abdelraouf Benguit;CR Belouizdad;€750k
Algérie;J;Milieu central;Akram Bouras;Levski Sofia;€600k
Algérie;J;Milieu central;Mehdi Boudjemaa;Al-Wehda FC;€550k
Algérie;J;Milieu central;Bilal Boukerchaoui;CR Belouizdad;-
Algérie;J;Milieu droit;Mohamed Farsi;Columbus Crew;€2.50m
Algérie;J;Milieu offensif;Farès Chaïbi;Eintracht Frankfurt;€14.00m
Algérie;J;Milieu offensif;Ibrahim Maza;Bayer 04 Leverkusen;€12.00m
Algérie;J;Milieu offensif;Houssem Aouar;Al-Ittihad Club;€9.00m
Algérie;J;Milieu offensif;Himad Abdelli;Olympique Marseille;€5.00m
Algérie;J;Milieu offensif;Yassine Benzia;Al-Fayha FC;€1.20m
Algérie;J;Milieu offensif;Amir Sayoud;Al-Hazem SC;€600k
Algérie;J;Ailier gauche;Saïd Benrahma;NEOM SC;€15.00m
Algérie;J;Ailier gauche;Yacine Brahimi;Al-Gharafa SC;€2.50m
Algérie;J;Ailier gauche;Youcef Belaïli;Esperance Tunis;€1.80m
Algérie;J;Ailier gauche;Adil Boulbina;Al-Duhail SC;€900k
Algérie;J;Ailier gauche;Abderrahmane Meziane;CR Belouizdad;€650k
Algérie;J;Ailier droit;Anis Hadj Moussa;Feyenoord Rotterdam;€12.00m
Algérie;J;Ailier droit;Riyad Mahrez;Al-Ahli SFC;€9.00m
Algérie;J;Ailier droit;Rafik Guitane;GD Estoril Praia;€5.00m
Algérie;J;Ailier droit;Badredine Bouanani;VfB Stuttgart;€5.00m
Algérie;J;Ailier droit;Adam Ounas;Al-Shamal SC;€3.00m
Algérie;J;Ailier droit;Ilan Kebbal;Paris FC;€3.00m
Algérie;J;Ailier droit;Kouceila Boualia;Esperance Tunis;€600k
Algérie;J;Ailier droit;Mehdi Merghem;SC Bastia;€500k
Algérie;J;Ailier droit;Tayeb Meziani;Qadsia SC;€450k
Algérie;J;Ailier droit;Abdennour Iheb Belhocini;CR Belouizdad;€275k
Algérie;J;Ailier droit;Lahlou Akhrib;JS Kabylie;€75k
Algérie;J;Ailier droit;Diaa Eddine Mechid;Dinamo Makhachkala;-
Algérie;J;Avant-centre;Mohamed Amoura;VfL Wolfsburg;€22.00m
Algérie;J;Avant-centre;Amine Gouiri;Olympique Marseille;€20.00m
Algérie;J;Avant-centre;Baghdad Bounedjah;Al-Shamal SC;€2.80m
Algérie;J;Avant-centre;Islam Slimani;Without Club;€1.20m
Algérie;J;Avant-centre;Aimen Mahious;JS Kabylie;€1.00m
Algérie;J;Avant-centre;Mounsef Bakrar;GNK Dinamo Zagreb;€800k
Algérie;J;Avant-centre;Soufiane Bayazid;MC Algiers;€600k
Algérie;J;Avant-centre;Amin Chiakha;Rosenborg BK;€550k
Algérie;J;Avant-centre;Redouane Berkane;Al-Wakrah SC;€450k
Algérie;J;Avant-centre;Ben Ahmed Kohili;Paradou AC;€400k
Algérie;J;Avant-centre;Mounder Temine;El Masry SC;€375k
Autriche;J;Gardien;Patrick Pentz;Bröndby IF;€3.00m
Autriche;J;Gardien;Tobias Lawal;KRC Genk;€2.50m
Autriche;J;Gardien;Alexander Schlager;Red Bull Salzburg;€2.50m
Autriche;J;Gardien;Nikolas Polster;Wolfsberger AC;€1.00m
Autriche;J;Gardien;Nicolas Schmid;Portsmouth FC;€400k
Autriche;J;Défenseur central;Kevin Danso;Tottenham Hotspur;€25.00m
Autriche;J;Défenseur central;Philipp Lienhart;SC Freiburg;€15.00m
Autriche;J;Défenseur central;Stefan Posch;1.FSV Mainz 05;€10.00m
Autriche;J;Défenseur central;David Alaba;Real Madrid;€10.00m
Autriche;J;Défenseur central;Marco Friedl;SV Werder Bremen;€10.00m
Autriche;J;Défenseur central;Maximilian Wöber;SV Werder Bremen;€8.00m
Autriche;J;Défenseur central;Samson Baidoo;RC Lens;€6.00m
Autriche;J;Défenseur central;Leopold Querfeld;1.FC Union Berlin;€5.00m
Autriche;J;Défenseur central;Gernot Trauner;Feyenoord Rotterdam;€3.00m
Autriche;J;Arrière gauche;Jonas Auer;Rapid Vienna;€2.00m
Autriche;J;Arrière gauche;Phillipp Mwene;1.FSV Mainz 05;€1.80m
Autriche;J;Arrière droit;Konrad Laimer;Bayern Munich;€25.00m
Autriche;J;Arrière droit;Stefan Lainer;Red Bull Salzburg;€1.80m
Autriche;J;Milieu défensif;Nicolas Seiwald;RB Leipzig;€16.00m
Autriche;J;Milieu défensif;Florian Grillitsch;SC Braga;€3.50m
Autriche;J;Milieu central;Xaver Schlager;RB Leipzig;€28.00m
Autriche;J;Milieu central;Marcel Sabitzer;Borussia Dortmund;€15.00m
Autriche;J;Milieu central;Alessandro Schöpf;Wolfsberger AC;€800k
Autriche;J;Milieu droit;Nikolas Veratschnig;1.FSV Mainz 05;€800k
Autriche;J;Milieu gauche;Alexander Prass;TSG 1899 Hoffenheim;€9.00m
Autriche;J;Milieu offensif;Christoph Baumgartner;RB Leipzig;€18.00m
Autriche;J;Milieu offensif;Romano Schmid;SV Werder Bremen;€15.00m
Autriche;J;Milieu offensif;Muhammed Cham;SK Slavia Prague;€5.50m
Autriche;J;Milieu offensif;Kevin Stöger;Borussia Mönchengladbach;€4.50m
Autriche;J;Ailier gauche;Marco Grüll;SV Werder Bremen;€4.00m
Autriche;J;Ailier gauche;Thierno Ballo;Millwall FC;€3.00m
Autriche;J;Ailier gauche;Mathias Honsak;1.FC Heidenheim 1846;€1.50m
Autriche;J;Ailier droit;Patrick Wimmer;VfL Wolfsburg;€12.00m
Autriche;J;Ailier droit;Nikolaus Wurmbrand;Rapid Vienna;€1.00m
Autriche;J;Avant-centre;Michael Gregoritsch;FC Augsburg;€6.00m
Autriche;J;Avant-centre;Marko Arnautovic;Red Star Belgrade;€3.50m
Autriche;J;Avant-centre;Raul Florucz;Union Saint-Gilloise;€1.50m
Autriche;J;Avant-centre;Andreas Weimann;Rapid Vienna;€800k
Jordanie;J;Gardien;Yazeed Abulaila;Al-Hussein SC (Irbid);€325k
Jordanie;J;Gardien;Abdallah Al-Fakhouri;Al-Wehdat SC;€300k
Jordanie;J;Gardien;Noor Bane Ataya;Al-Faisaly SC;€200k
Jordanie;J;Gardien;Malek Shalabiya;Al-Ramtha SC;-
Jordanie;J;Gardien;Mohammed Al-Emwase;Al-Najaf FC;-
Jordanie;J;Défenseur central;Yazan Al-Arab;FC Seoul;€700k
Jordanie;J;Défenseur central;Abdallah Nasib;Al-Zawraa SC;€450k
Jordanie;J;Défenseur central;Hadi Al-Hourani;Al-Faisaly SC;€200k
Jordanie;J;Défenseur central;Yousef Abu Al-Jazar;Al-Hussein SC (Irbid);€200k
Jordanie;J;Défenseur central;Mohammad Abualnadi;Selangor FC;€200k
Jordanie;J;Défenseur central;Husam Abu Dahab;Al-Faisaly SC;€150k
Jordanie;J;Défenseur central;Saed Al-Rousan;Al-Hussein SC (Irbid);€150k
Jordanie;J;Défenseur central;Saleem Obaid;Al-Hussein SC (Irbid);-
Jordanie;J;Défenseur central;Ja'far Samara;Al-Ramtha SC;-
Jordanie;J;Arrière gauche;Mohannad Abu Taha;Al-Quwa Al-Jawiya;€400k
Jordanie;J;Arrière gauche;Mohammad Abu Hasheesh;Al-Karma;€300k
Jordanie;J;Arrière gauche;Ali Hajabi;Al-Hussein SC (Irbid);-
Jordanie;J;Arrière droit;Ehsan Haddad;Al-Hussein SC (Irbid);€400k
Jordanie;J;Arrière droit;Adham Al-Quraishi;Al-Hussein SC (Irbid);-
Jordanie;J;Arrière droit;Issam Smeeri;Al-Salt SC;-
Jordanie;J;Milieu défensif;Nizar Al-Rashdan;Qatar SC;€500k
Jordanie;J;Milieu central;Noor Al-Rawabdeh;Selangor FC;€500k
Jordanie;J;Milieu central;Rajaei Ayed;Al-Hussein SC (Irbid);€350k
Jordanie;J;Milieu central;Ibrahim Saadeh;Al-Karma;€350k
Jordanie;J;Milieu central;Mohammad Al-Dawoud;Al-Wehdat SC;-
Jordanie;J;Milieu central;Ahmad Al-Salman;Al-Ramtha SC;-
Jordanie;J;Milieu central;Amer Jamous;Al-Zawraa SC;-
Jordanie;J;Milieu droit;Ahmad Assaf;Al-Hussein SC (Irbid);€25k
Jordanie;J;Ailier gauche;Mahmoud Al-Mardi;Al-Hussein SC (Irbid);€450k
Jordanie;J;Ailier gauche;Ahmed Ersan;Al-Faisaly SC;€400k
Jordanie;J;Ailier gauche;Aref Al-Haj;Al-Hussein SC (Irbid);€250k
Jordanie;J;Ailier gauche;Mohannad Semreen;Al-Wehdat SC;-
Jordanie;J;Ailier gauche;Odeh Fakhoury;Pyramids FC;-
Jordanie;J;Ailier droit;Mousa Tamari;Stade Rennais FC;€6.00m
Jordanie;J;Ailier droit;Shararh;Raja Club Athletic;€400k
Jordanie;J;Ailier droit;Mohamed Al-Naser;HB Köge;€150k
Jordanie;J;Ailier droit;Ali Azaizeh;Al-Shabab FC;-
Jordanie;J;Avant-centre;Yazan Al-Naimat;Al-Arabi SC;€1.60m
Jordanie;J;Avant-centre;Tammer Bany;West Bromwich Albion;€500k
Jordanie;J;Avant-centre;Ali Olwan;Al-Sailiya SC;€500k
Jordanie;J;Avant-centre;Reziq Bani Hani;Al-Hussein SC (Irbid);€150k
Jordanie;J;Avant-centre;Abdallah Awad;Al-Wehdat SC;-
Jordanie;J;Avant-centre;Ibrahim Sabra;NK Lokomotiva Zagreb;-
Portugal;K;Gardien;Diogo Costa;FC Porto;€40.00m
Portugal;K;Gardien;José Sá;Wolverhampton Wanderers;€8.00m
Portugal;K;Gardien;Rui Silva;Sporting CP;€5.00m
Portugal;K;Gardien;João Carvalho;SC Braga B;-
Portugal;K;Défenseur central;Rúben Dias;Manchester City;€75.00m
Portugal;K;Défenseur central;Gonçalo Inácio;Sporting CP;€45.00m
Portugal;K;Défenseur central;António Silva;SL Benfica;€38.00m
Portugal;K;Défenseur central;Renato Veiga;Villarreal CF;€10.00m
Portugal;K;Arrière gauche;Nuno Mendes;Paris Saint-Germain;€55.00m
Portugal;K;Arrière gauche;Nuno Tavares;SS Lazio;€25.00m
Portugal;K;Arrière droit;Diogo Dalot;Manchester United;€40.00m
Portugal;K;Arrière droit;Matheus Nunes;Manchester City;€40.00m
Portugal;K;Arrière droit;João Cancelo;FC Barcelona;€18.00m
Portugal;K;Arrière droit;Nélson Semedo;Fenerbahce;€10.00m
Portugal;K;Milieu défensif;Vitinha;Paris Saint-Germain;€55.00m
Portugal;K;Milieu défensif;João Palhinha;Tottenham Hotspur;€40.00m
Portugal;K;Milieu défensif;Rúben Neves;Al-Hilal SFC;€28.00m
Portugal;K;Milieu central;João Neves;Paris Saint-Germain;€60.00m
Portugal;K;Milieu offensif;Bernardo Silva;Manchester City;€60.00m
Portugal;K;Milieu offensif;Bruno Fernandes;Manchester United;€55.00m
Portugal;K;Milieu offensif;Francisco Trincão;Sporting CP;€27.00m
Portugal;K;Milieu offensif;Rodrigo Mora;FC Porto;€10.00m
Portugal;K;Ailier gauche;Rafael Leão;AC Milan;€75.00m
Portugal;K;Ailier gauche;Diogo Jota;---;€50.00m
Portugal;K;Ailier gauche;Pedro Gonçalves;Sporting CP;€32.00m
Portugal;K;Ailier droit;Pedro Neto;Chelsea FC;€55.00m
Portugal;K;Ailier droit;Francisco Conceição;Juventus FC;€36.00m
Portugal;K;Ailier droit;Geovany Quenda;Sporting CP;€30.00m
Portugal;K;Ailier droit;Carlos Forbs;Club Brugge KV;€8.00m
Portugal;K;Soutien d'attaquant;João Félix;Al-Nassr FC;€30.00m
Portugal;K;Avant-centre;Gonçalo Ramos;Paris Saint-Germain;€50.00m
Portugal;K;Avant-centre;Cristiano Ronaldo;Al-Nassr FC;€12.00m
RD Congo;K;Gardien;Matthieu Epolo;Standard Liège;€3.00m
RD Congo;K;Gardien;Timothy Fayulu;FC Noah Yerevan;€1.40m
RD Congo;K;Gardien;Dimitry Bertaud;Forge FC;€1.20m
RD Congo;K;Gardien;Lionel Mpasi-Nzau;Le Havre AC;€600k
RD Congo;K;Gardien;Aimé Bakula;CS Don Bosco;-
RD Congo;K;Gardien;Jackson Lunanga;AS Vita Club Kinshasa;-
RD Congo;K;Gardien;Brudel Efonge;AS Maniema Union;-
RD Congo;K;Défenseur central;Axel Tuanzebe;Burnley FC;€5.00m
RD Congo;K;Défenseur central;Chancel Mbemba;LOSC Lille;€5.00m
RD Congo;K;Défenseur central;Steve Kapuadi;Widzew Lodz;€2.50m
RD Congo;K;Défenseur central;Dylan Batubinsika;AE Larisa;€2.50m
RD Congo;K;Défenseur central;Henoc Inonga;Al-Zawraa SC;€450k
RD Congo;K;Défenseur central;Rocky Bushiri;Hibernian FC;€400k
RD Congo;K;Défenseur central;Magloire Ntambwe;TP Mazembe;-
RD Congo;K;Défenseur central;Mokonzi Katumbwe;FC Saint-Éloi Lupopo;-
RD Congo;K;Défenseur central;Heltone Kayembe;FC Les Aigles du Congo;-
RD Congo;K;Défenseur central;Osée Ndombele Lutaladio;AS Maniema Union;-
RD Congo;K;Arrière gauche;Arthur Masuaku;RC Lens;€3.50m
RD Congo;K;Arrière gauche;Joris Kayembe;KRC Genk;€2.50m
RD Congo;K;Arrière gauche;Papy Kokeleya;FC Saint-Éloi Lupopo;-
RD Congo;K;Arrière gauche;Jacques Mwimba Kapanga;AS Maniema Union;-
RD Congo;K;Arrière droit;Aaron Wan-Bissaka;West Ham United;€22.00m
RD Congo;K;Arrière droit;Gédéon Kalulu;Aris Limassol;€2.50m
RD Congo;K;Arrière droit;Jeremy Ngakia;Watford FC;€1.50m
RD Congo;K;Arrière droit;Brian Bayeye;FC Villefranche-Beaujolais;€400k
RD Congo;K;Arrière droit;Henoc Lolendo Masanga;AS Vita Club Kinshasa;-
RD Congo;K;Milieu défensif;Ngal'ayel Mukau;LOSC Lille;€10.00m
RD Congo;K;Milieu défensif;Charles Pickel;RCD Espanyol Barcelona;€2.40m
RD Congo;K;Milieu défensif;Mbiyeye Bisamuna;FC Les Aigles du Congo;-
RD Congo;K;Milieu défensif;Boaz Ngalamulume;Abu Salim SC;-
RD Congo;K;Milieu central;Noah Sadiki;Sunderland AFC;€8.00m
RD Congo;K;Milieu central;Edo Kayembe;Watford FC;€3.00m
RD Congo;K;Milieu central;Samuel Moutoussamy;Atromitos Athens;€2.20m
RD Congo;K;Milieu central;Aaron Tshibola;Kilmarnock FC;€400k
RD Congo;K;Milieu central;Linda Mtange;Singida Black Stars Sports Club;€75k
RD Congo;K;Milieu central;Miché Mika;FC Saint-Éloi Lupopo;-
RD Congo;K;Milieu offensif;Mario Stroeykens;RSC Anderlecht;€14.00m
RD Congo;K;Milieu offensif;Meschack Elia;Alanyaspor;€5.00m
RD Congo;K;Milieu offensif;Gaël Kakuta;AE Larisa;€1.00m
RD Congo;K;Milieu offensif;Basiala Amongo;FC Saint-Éloi Lupopo;-
RD Congo;K;Milieu offensif;Jean Benoît Tukumbane;FC Saint-Éloi Lupopo;-
RD Congo;K;Milieu offensif;Marzouk Diakana;AS Vita Club Kinshasa;-
RD Congo;K;Ailier gauche;Michel-Ange Balikwisha;Celtic FC;€7.00m
RD Congo;K;Ailier gauche;Nathanaël Mbuku;Montpellier HSC;€2.00m
RD Congo;K;Ailier gauche;Brian Cipenga;CD Castellón;€500k
RD Congo;K;Ailier gauche;Kazema Baso;TP Mazembe;-
RD Congo;K;Ailier gauche;Ibrahim Matobo Mubalu;FC Les Aigles du Congo;-
RD Congo;K;Ailier gauche;Jeancy Mboma Kinda;AS Maniema Union;-
RD Congo;K;Ailier droit;Silas;1.FSV Mainz 05;€10.00m
RD Congo;K;Ailier droit;Théo Bongonda;Spartak Moscow;€6.00m
RD Congo;K;Ailier droit;Grady Diangana;Elche CF;€3.80m
RD Congo;K;Ailier droit;Oscar Kabwit;FC Luzern;-
RD Congo;K;Avant-centre;Yoane Wissa;Newcastle United;€28.00m
RD Congo;K;Avant-centre;Simon Banza;Al-Jazira Club;€15.00m
RD Congo;K;Avant-centre;Samuel Essende;BSC Young Boys;€4.50m
RD Congo;K;Avant-centre;Jackson Muleka;Konyaspor;€3.50m
RD Congo;K;Avant-centre;Cédric Bakambu;Real Betis Balompié;€1.80m
RD Congo;K;Avant-centre;Fiston Mayele;Pyramids FC;€1.20m
RD Congo;K;Avant-centre;Jephte Kitambala;Azam FC;-
RD Congo;K;Avant-centre;Malanga Horso Mwaku;Singida Black Stars Sports Club;-
RD Congo;K;Avant-centre;Lise Nyembo Ntumba;TP Mazembe;-
RD Congo;K;Avant-centre;Tonny Talasi;FC Les Aigles du Congo;-
Ouzbékistan;K;Gardien;Abduvokhid Nematov;Nasaf Qarshi;€1.50m
Ouzbékistan;K;Gardien;Utkir Yusupov;Navbahor Namangan;€600k
Ouzbékistan;K;Gardien;Botirali Ergashev;Neftchi Fergana;€350k
Ouzbékistan;K;Gardien;Vladimir Nazarov;Pakhtakor Tashkent;€300k
Ouzbékistan;K;Défenseur central;Abdukodir Khusanov;Manchester City;€12.00m
Ouzbékistan;K;Défenseur central;Khusniddin Alikulov;Caykur Rizespor;€1.70m
Ouzbékistan;K;Défenseur central;Rustam Ashurmatov;Esteghlal FC;€700k
Ouzbékistan;K;Défenseur central;Umar Eshmurodov;Nasaf Qarshi;€650k
Ouzbékistan;K;Défenseur central;Golib Gaybullaev;Nasaf Qarshi;€600k
Ouzbékistan;K;Défenseur central;Mukhammadkodir Khamraliev;Pakhtakor Tashkent;€600k
Ouzbékistan;K;Défenseur central;Alibek Davronov;Nasaf Qarshi;€500k
Ouzbékistan;K;Défenseur central;Jakhongir Urozov;Dinamo Samarqand;€400k
Ouzbékistan;K;Défenseur central;Avazbek Ulmasaliev;FC OKMK Olmaliq;€350k
Ouzbékistan;K;Défenseur central;Dilshod Komilov;Navbahor Namangan;€250k
Ouzbékistan;K;Défenseur central;Islom Tukhtakhuzhaev;FC Andijon;€75k
Ouzbékistan;K;Arrière gauche;Sherzod Nasrullaev;Pakhtakor Tashkent;€1.20m
Ouzbékistan;K;Arrière gauche;Ibrokhimkhalil Yuldoshev;Neftchi Fergana;€900k
Ouzbékistan;K;Arrière gauche;Farrukh Sayfiev;Neftchi Fergana;€350k
Ouzbékistan;K;Arrière droit;Khozhiakbar Alizhonov;Pakhtakor Tashkent;€800k
Ouzbékistan;K;Arrière droit;Zafarmurod Abdirakhmatov;Nasaf Qarshi;€500k
Ouzbékistan;K;Arrière droit;Dilshod Saitov;Pakhtakor Tashkent;€300k
Ouzbékistan;K;Milieu défensif;Odildzhon Khamrobekov;Tractor FC;€1.20m
Ouzbékistan;K;Milieu défensif;Abdulla Abdullaev;Dibba SCC;€750k
Ouzbékistan;K;Milieu défensif;Abdurauf Buriev;Pakhtakor Tashkent;€600k
Ouzbékistan;K;Milieu central;Aziz Ganiev;Al-Bataeh CSC;€2.80m
Ouzbékistan;K;Milieu central;Otabek Shukurov;FC Baniyas;€1.80m
Ouzbékistan;K;Milieu central;Akmal Mozgovoy;Pakhtakor Tashkent;€1.30m
Ouzbékistan;K;Milieu central;Azizbek Turgunboev;FC Andijon;€1.00m
Ouzbékistan;K;Milieu central;Abrorbek Ismoilov;Neftchi Fergana;€700k
Ouzbékistan;K;Milieu offensif;Jamshid Iskanderov;Neftchi Fergana;€900k
Ouzbékistan;K;Milieu offensif;Diyor Kholmatov;Navbahor Namangan;€750k
Ouzbékistan;K;Ailier gauche;Oston Urunov;Persepolis FC;€2.50m
Ouzbékistan;K;Ailier gauche;Jaloliddin Masharipov;Esteghlal FC;€1.80m
Ouzbékistan;K;Ailier gauche;Khozhimat Erkinov;Pakhtakor Tashkent;€1.50m
Ouzbékistan;K;Ailier gauche;Ruslanbek Jiyanov;Navbahor Namangan;€400k
Ouzbékistan;K;Ailier droit;Abbosbek Fayzullaev;Basaksehir FK;€8.00m
Ouzbékistan;K;Ailier droit;Dostonbek Khamdamov;Pakhtakor Tashkent;€750k
Ouzbékistan;K;Ailier droit;Alisher Odilov;Neftchi Fergana;€450k
Ouzbékistan;K;Soutien d'attaquant;Anvar Khozhimirzaev;Dinamo Samarqand;€400k
Ouzbékistan;K;Avant-centre;Eldor Shomurodov;Basaksehir FK;€4.00m
Ouzbékistan;K;Avant-centre;Bobur Abdikholikov;Nasaf Qarshi;€800k
Ouzbékistan;K;Avant-centre;Igor Sergeev;Persepolis FC;€800k
Ouzbékistan;K;Avant-centre;Khusayin Norchaev;Navbahor Namangan;€400k
Ouzbékistan;K;Avant-centre;Rustam Turdimurodov;Pakhtakor Tashkent;€250k
Colombie;K;Gardien;Kevin Mier;CD Cruz Azul;€8.00m
Colombie;K;Gardien;Álvaro Montero;CA Vélez Sarsfield;€1.50m
Colombie;K;Gardien;Camilo Vargas;Atlas Guadalajara;€1.00m
Colombie;K;Gardien;David Ospina;Atlético Nacional;€600k
Colombie;K;Défenseur central;Davinson Sánchez;Galatasaray;€19.00m
Colombie;K;Défenseur central;Jhon Lucumí;Bologna FC 1909;€18.00m
Colombie;K;Défenseur central;Yerson Mosquera;Wolverhampton Wanderers;€8.00m
Colombie;K;Défenseur central;Willer Ditta;CD Cruz Azul;€6.00m
Colombie;K;Défenseur central;Carlos Cuesta;Clube de Regatas Vasco da Gama;€5.00m
Colombie;K;Défenseur central;Yerry Mina;Cagliari Calcio;€3.00m
Colombie;K;Arrière gauche;Deiver Machado;FC Nantes;€3.50m
Colombie;K;Arrière gauche;Johan Mojica;RCD Mallorca;€2.20m
Colombie;K;Arrière gauche;Cristián Borja;CF América;€2.00m
Colombie;K;Arrière gauche;Álvaro Angulo;UNAM Pumas;€1.20m
Colombie;K;Arrière droit;Daniel Muñoz;Crystal Palace;€25.00m
Colombie;K;Arrière droit;Santiago Arias;CA Independiente;€2.20m
Colombie;K;Arrière droit;Andrés Felipe Román;Atlético Nacional;€1.40m
Colombie;K;Milieu défensif;Richard Ríos;SL Benfica;€14.00m
Colombie;K;Milieu défensif;Jefferson Lerma;Crystal Palace;€14.00m
Colombie;K;Milieu défensif;Kevin Castaño;CA River Plate;€6.00m
Colombie;K;Milieu central;Gustavo Puerta;Racing Santander;€3.50m
Colombie;K;Milieu central;Juan Portilla;Club Athletico Paranaense;€3.50m
Colombie;K;Milieu central;Rafael Carrascal;CD América de Cali;€350k
Colombie;K;Milieu offensif;Jorge Carrascal;CR Flamengo;€7.00m
Colombie;K;Milieu offensif;James Rodríguez;Minnesota United FC;€2.50m
Colombie;K;Milieu offensif;Juan Fernando Quintero;CA River Plate;€2.50m
Colombie;K;Ailier gauche;Luis Díaz;Bayern Munich;€85.00m
Colombie;K;Ailier gauche;Jáminton Campaz;CA Rosario Central;€6.00m
Colombie;K;Ailier gauche;Andrés Gómez;Clube de Regatas Vasco da Gama;€5.00m
Colombie;K;Ailier gauche;Johan Carbonero;Sport Club Internacional;€2.00m
Colombie;K;Ailier droit;Yáser Asprilla;Galatasaray;€18.00m
Colombie;K;Ailier droit;Jhon Arias;Sociedade Esportiva Palmeiras;€16.00m
Colombie;K;Ailier droit;Marino Hinestroza;Clube de Regatas Vasco da Gama;€2.80m
Colombie;K;Ailier droit;Kevin Serna;Fluminense Football Club;€1.20m
Colombie;K;Avant-centre;Jhon Durán;Zenit St. Petersburg;€40.00m
Colombie;K;Avant-centre;Cucho Hernández;Real Betis Balompié;€18.00m
Colombie;K;Avant-centre;Jhon Córdoba;FC Krasnodar;€14.00m
Colombie;K;Avant-centre;Rafael Borré;Sport Club Internacional;€8.00m
Colombie;K;Avant-centre;Luis Suárez;Sporting CP;€5.00m
Colombie;K;Avant-centre;Dayro Moreno;Once Caldas;€100k
Angleterre;L;Gardien;Jordan Pickford;Everton FC;€20.00m
Angleterre;L;Gardien;James Trafford;Manchester City;€18.00m
Angleterre;L;Gardien;Dean Henderson;Crystal Palace;€15.00m
Angleterre;L;Défenseur central;Levi Colwill;Chelsea FC;€55.00m
Angleterre;L;Défenseur central;Marc Guéhi;Manchester City;€45.00m
Angleterre;L;Défenseur central;Ezri Konsa;Aston Villa;€35.00m
Angleterre;L;Défenseur central;John Stones;Manchester City;€32.00m
Angleterre;L;Défenseur central;Jarell Quansah;Bayer 04 Leverkusen;€22.00m
Angleterre;L;Défenseur central;Trevoh Chalobah;Chelsea FC;€13.00m
Angleterre;L;Défenseur central;Dan Burn;Newcastle United;€7.00m
Angleterre;L;Arrière gauche;Djed Spence;Tottenham Hotspur;€8.00m
Angleterre;L;Arrière gauche;Nico O'Reilly;Manchester City;-
Angleterre;L;Arrière droit;Trent Alexander-Arnold;Real Madrid;€75.00m
Angleterre;L;Arrière droit;Tino Livramento;Newcastle United;€35.00m
Angleterre;L;Arrière droit;Reece James;Chelsea FC;€30.00m
Angleterre;L;Arrière droit;Kyle Walker;Burnley FC;€10.00m
Angleterre;L;Milieu défensif;Adam Wharton;Crystal Palace;€32.00m
Angleterre;L;Milieu défensif;Jordan Henderson;Brentford FC;€3.50m
Angleterre;L;Milieu central;Declan Rice;Arsenal FC;€110.00m
Angleterre;L;Milieu central;Curtis Jones;Liverpool FC;€45.00m
Angleterre;L;Milieu central;Conor Gallagher;Tottenham Hotspur;€40.00m
Angleterre;L;Milieu central;Elliot Anderson;Nottingham Forest;€24.00m
Angleterre;L;Milieu central;Ruben Loftus-Cheek;AC Milan;€20.00m
Angleterre;L;Milieu central;Alex Scott;AFC Bournemouth;€20.00m
Angleterre;L;Milieu central;Myles Lewis-Skelly;Arsenal FC;€10.00m
Angleterre;L;Milieu offensif;Jude Bellingham;Real Madrid;€180.00m
Angleterre;L;Milieu offensif;Phil Foden;Manchester City;€140.00m
Angleterre;L;Milieu offensif;Cole Palmer;Chelsea FC;€130.00m
Angleterre;L;Milieu offensif;Eberechi Eze;Arsenal FC;€55.00m
Angleterre;L;Milieu offensif;Morgan Gibbs-White;Nottingham Forest;€40.00m
Angleterre;L;Milieu offensif;Morgan Rogers;Aston Villa;€40.00m
Angleterre;L;Ailier gauche;Anthony Gordon;Newcastle United;€60.00m
Angleterre;L;Ailier gauche;Marcus Rashford;FC Barcelona;€55.00m
Angleterre;L;Ailier droit;Bukayo Saka;Arsenal FC;€150.00m
Angleterre;L;Ailier droit;Jarrod Bowen;West Ham United;€45.00m
Angleterre;L;Ailier droit;Noni Madueke;Arsenal FC;€40.00m
Angleterre;L;Avant-centre;Harry Kane;Bayern Munich;€90.00m
Angleterre;L;Avant-centre;Ollie Watkins;Aston Villa;€55.00m
Angleterre;L;Avant-centre;Dominic Solanke;Tottenham Hotspur;€45.00m
Angleterre;L;Avant-centre;Ivan Toney;Al-Ahli SFC;€28.00m
Croatie;L;Gardien;Dominik Livakovic;GNK Dinamo Zagreb;€11.00m
Croatie;L;Gardien;Dominik Kotarski;FC Copenhagen;€8.00m
Croatie;L;Gardien;Ivica Ivusic;HNK Hajduk Split;€2.30m
Croatie;L;Gardien;Ivor Pandur;Hull City;€2.00m
Croatie;L;Défenseur central;Josko Gvardiol;Manchester City;€75.00m
Croatie;L;Défenseur central;Josip Sutalo;Ajax Amsterdam;€18.00m
Croatie;L;Défenseur central;Marin Pongracic;ACF Fiorentina;€10.00m
Croatie;L;Défenseur central;Luka Vuskovic;Hamburger SV;€10.00m
Croatie;L;Défenseur central;Duje Caleta-Car;Real Sociedad;€8.00m
Croatie;L;Défenseur central;Martin Erlić;FC Midtjylland;€5.00m
Croatie;L;Arrière gauche;Borna Sosa;Crystal Palace;€6.00m
Croatie;L;Arrière gauche;Domagoj Bradarić;Hellas Verona;€4.00m
Croatie;L;Arrière droit;Josip Stanisic;Bayern Munich;€28.00m
Croatie;L;Arrière droit;Josip Juranovic;1.FC Union Berlin;€6.00m
Croatie;L;Arrière droit;Ivan Smolcic;Como 1907;€2.00m
Croatie;L;Milieu défensif;Kristijan Jakic;FC Augsburg;€6.50m
Croatie;L;Milieu défensif;Nikola Moro;Bologna FC 1909;€5.00m
Croatie;L;Milieu central;Mateo Kovacic;Manchester City;€28.00m
Croatie;L;Milieu central;Luka Sucic;Real Sociedad;€18.00m
Croatie;L;Milieu central;Mario Pašalić;Atalanta BC;€13.00m
Croatie;L;Milieu central;Petar Sučić;Inter Milan;€12.00m
Croatie;L;Milieu central;Luka Modrić;AC Milan;€5.00m
Croatie;L;Milieu offensif;Lovro Majer;VfL Wolfsburg;€20.00m
Croatie;L;Milieu offensif;Martin Baturina;Como 1907;€20.00m
Croatie;L;Milieu offensif;Nikola Vlašić;Torino FC;€7.00m
Croatie;L;Milieu offensif;Toni Fruk;HNK Rijeka;€5.00m
Croatie;L;Milieu offensif;Andrej Kramaric;TSG 1899 Hoffenheim;€4.00m
Croatie;L;Ailier gauche;Mislav Orsic;Pafos FC;€1.70m
Croatie;L;Ailier gauche;Ivan Perišić;PSV Eindhoven;€1.50m
Croatie;L;Ailier droit;Marco Pašalić;Orlando City SC;€4.00m
Croatie;L;Avant-centre;Igor Matanovic;SC Freiburg;€8.00m
Croatie;L;Avant-centre;Petar Musa;FC Dallas;€7.00m
Croatie;L;Avant-centre;Ante Budimir;CA Osasuna;€5.00m
Croatie;L;Avant-centre;Franjo Ivanović;SL Benfica;€4.00m
Ghana;L;Gardien;Lawrence Ati Zigi;FC St. Gallen 1879;€1.80m
Ghana;L;Gardien;Joe Wollacott;Crawley Town;€300k
Ghana;L;Gardien;Joseph Anang;St. Patrick's Athletic;€300k
Ghana;L;Gardien;Benjamin Asare;Hearts of Oak;€75k
Ghana;L;Défenseur central;Mohammed Salisu;AS Monaco;€15.00m
Ghana;L;Défenseur central;Alidu Seidu;Stade Rennais FC;€9.00m
Ghana;L;Défenseur central;Alexander Djiku;Spartak Moscow;€8.50m
Ghana;L;Défenseur central;Jonas Adjetey;VfL Wolfsburg;€4.00m
Ghana;L;Défenseur central;Jerome Opoku;Basaksehir FK;€2.90m
Ghana;L;Défenseur central;Stephan Ambrosius;Karlsruher SC;€800k
Ghana;L;Défenseur central;Kojo Peprah Oppong;OGC Nice;€300k
Ghana;L;Défenseur central;Razak Simpson;Nations Football Club;€125k
Ghana;L;Arrière gauche;Derrick Köhn;1.FC Union Berlin;€6.00m
Ghana;L;Arrière gauche;Gideon Mensah;AJ Auxerre;€3.50m
Ghana;L;Arrière gauche;Ebenezer Annan;AS Saint-Étienne;€800k
Ghana;L;Arrière droit;Tariq Lamptey;Without Club;€12.00m
Ghana;L;Arrière droit;Kamaradini Mamudu;Al-Hilal Club (Omdurman);€125k
Ghana;L;Milieu défensif;Thomas Partey;Villarreal CF;€15.00m
Ghana;L;Milieu défensif;Salis Abdul Samed;OGC Nice;€7.00m
Ghana;L;Milieu défensif;Ibrahim Sulemana;Cagliari Calcio;€6.00m
Ghana;L;Milieu défensif;Elisha Owusu;AJ Auxerre;€3.00m
Ghana;L;Milieu défensif;Aaron Essel;Sacramento Republic FC;€250k
Ghana;L;Milieu central;Majeed Ashimeru;RAAL La Louvière;€2.00m
Ghana;L;Milieu central;Abu Francis;FC Toulouse;€1.80m
Ghana;L;Milieu central;Lawrence Agyekum;Cercle Brugge;€1.50m
Ghana;L;Milieu central;Kwasi Sibo;Real Oviedo;€800k
Ghana;L;Milieu central;Caleb Yirenkyi;FC Nordsjaelland;€50k
Ghana;L;Milieu offensif;Prince Owusu;Medeama SC;-
Ghana;L;Ailier gauche;Ibrahim Osman;Brighton & Hove Albion;€16.00m
Ghana;L;Ailier gauche;Kamaldeen Sulemana;Atalanta BC;€13.00m
Ghana;L;Ailier gauche;Joseph Paintsil;Los Angeles Galaxy;€10.00m
Ghana;L;Ailier gauche;Christopher Bonsu Baah;Al-Qadsiah FC;€6.00m
Ghana;L;Ailier gauche;Felix Afena-Gyan;Amed SK;€2.00m
Ghana;L;Ailier gauche;Kelvin Nkrumah;Medeama SC;€50k
Ghana;L;Ailier droit;Mohammed Kudus;Tottenham Hotspur;€50.00m
Ghana;L;Ailier droit;Antoine Semenyo;Manchester City;€28.00m
Ghana;L;Ailier droit;Iñaki Williams;Athletic Bilbao;€20.00m
Ghana;L;Ailier droit;Ernest Nuamah;Olympique Lyon;€15.00m
Ghana;L;Ailier droit;Abdul Fatawu;Leicester City;€13.00m
Ghana;L;Ailier droit;Kingsley Schindler;Buriram United;€850k
Ghana;L;Ailier droit;Aziz Issah;FC Barcelona Atlètic;€100k
Ghana;L;Avant-centre;Jordan Ayew;Leicester City;€3.50m
Ghana;L;Avant-centre;Mohammed Fuseini;Union Saint-Gilloise;€3.00m
Ghana;L;Avant-centre;Brandon Thomas-Asante;Coventry City;€3.00m
Ghana;L;Avant-centre;Prince Adu;FC Viktoria Plzen;€2.50m
Ghana;L;Avant-centre;Prince Owusu;CF Montréal;€2.00m
Ghana;L;Avant-centre;Kwame Opoku;Asante Kotoko SC;-
Ghana;L;Avant-centre;Jerry Afriyie;RAAL La Louvière;-
Panama;L;Gardien;Luis Mejía;Club Nacional;€400k
Panama;L;Gardien;Orlando Mosquera;Al-Fayha FC;€350k
Panama;L;Gardien;César Samudio;CD Marathón;€300k
Panama;L;Gardien;Eddie Roberts;Estudiantes de Mérida;€150k
Panama;L;Gardien;Marcos De León;Sporting San Miguelito;€100k
Panama;L;Gardien;JD Gunn;New England Revolution;-
Panama;L;Défenseur central;José Córdoba;Norwich City;€4.80m
Panama;L;Défenseur central;Andrés Andrade;LASK;€2.00m
Panama;L;Défenseur central;Edgardo Fariña;FC Pari Nizhniy Novgorod;€1.00m
Panama;L;Défenseur central;Fidel Escobar;Deportivo Saprissa;€350k
Panama;L;Défenseur central;Jiovany Ramos;Academia Puerto Cabello;€300k
Panama;L;Défenseur central;Orman Davis;CA Independiente;€175k
Panama;L;Défenseur central;Érick Díaz;Los Angeles FC 2;€100k
Panama;L;Défenseur central;Martín Krug;Atlético Levante UD;-
Panama;L;Arrière gauche;Jorge Gutiérrez;Deportivo La Guaira;€325k
Panama;L;Arrière gauche;Gabriel Brown;Inter Santa Tecla;€150k
Panama;L;Arrière gauche;Omar Valencia;Red Bull New York;€150k
Panama;L;Arrière gauche;Éric Davis;CD Plaza Amador;€100k
Panama;L;Arrière droit;Amir Murillo;Besiktas JK;€7.00m
Panama;L;Arrière droit;César Blackman;Slovan Bratislava;€2.00m
Panama;L;Arrière droit;Iván Anderson;CD Universitario;€450k
Panama;L;Arrière droit;Reyniel Perdomo;Connecticut United FC;€175k
Panama;L;Arrière droit;Aimar Modelo;Red Bull New York II;€125k
Panama;L;Milieu défensif;Cristian Martínez;Ironi Kiryat Shmona;€700k
Panama;L;Milieu défensif;Carlos Harvey;Minnesota United FC;€400k
Panama;L;Milieu défensif;Víctor Griffith;CS Emelec;€200k
Panama;L;Milieu défensif;Héctor Hurtado;Sporting San Miguelito;€200k
Panama;L;Milieu défensif;Edward Cedeño;Albacete Balompié;€200k
Panama;L;Milieu défensif;Aníbal Godoy;San Diego FC;€200k
Panama;L;Milieu défensif;José Murillo;CD Plaza Amador;€150k
Panama;L;Milieu central;Adalberto Carrasquilla;UNAM Pumas;€4.50m
Panama;L;Milieu central;Irving Gudiño;Caracas FC;€175k
Panama;L;Milieu gauche;Alex Gálvez;Alianza FC Panama;€125k
Panama;L;Milieu offensif;Edilson Carrasquilla;San Francisco FC;€150k
Panama;L;Milieu offensif;Giovany Herbert;Kryvbas Kryvyi Rig;€150k
Panama;L;Ailier gauche;José Luis Rodríguez;FC Juárez;€1.80m
Panama;L;Ailier gauche;Ismael Díaz;Club León FC;€1.20m
Panama;L;Ailier gauche;Janpol Morales;Comunicaciones FC;€600k
Panama;L;Ailier gauche;Kahiser Lenis;Jaguares de Córdoba;€450k
Panama;L;Ailier gauche;Amable Pinzón;Veraguas United FC;€200k
Panama;L;Ailier gauche;Omar Browne;CD Plaza Amador;€125k
Panama;L;Ailier gauche;Rafael Mosquera;Red Bull New York;€100k
Panama;L;Ailier droit;Yoel Bárcenas;Mazatlán FC;€1.00m
Panama;L;Ailier droit;César Yanis;CD Cobresal;€250k
Panama;L;Ailier droit;Alberto Quintero;CD Plaza Amador;€100k
Panama;L;Avant-centre;Eduardo Guerrero;Dynamo Kyiv;€2.50m
Panama;L;Avant-centre;José Fajardo;CD Universidad Católica;€1.20m
Panama;L;Avant-centre;Tomás Rodríguez;Deportivo Saprissa;€500k
Panama;L;Avant-centre;Cecilio Waterman;Universidad de Concepción;€400k
Panama;L;Avant-centre;Everardo Rose;CD Universidad Católica;€175k
Panama;L;Avant-centre;Azarías Londoño;CD Universidad Católica;€175k
Panama;L;Avant-centre;Gustavo Herrera;Sporting San Miguelito;€10k
